Date,LP_european_brent,LP_romania_base,LP_bulgaria_base,LP_czechia_base,LP_dutch_base,LP_austria_base,LP_poland_base,LP_greece_base,LP_swiss_base,LP_belgium_base,LP_dutch_gas,LP_german_energy,LP_brit_gas,LP_french_base,LP_uk_base,LP_spain_base,LP_hungary_base,LP_german_gas
2021-07-01,75.67,102.76,101.61,91.59,88.88,90.41,83.61,98.99,87.28,82.79,36.179,86.21,69.5,88.07,90.89,91.35,103.07,36.205
2021-07-02,75.97,101.21,100.07,91.24,89.2,89.53,83.62,98.9,87.65,82.84,35.844,85.3,69.5,87.5,91.01,92.52,101.58,35.874
2021-07-05,77.11,99.37,98.96,93.7,90.41,91.7,83.89,98.31,89.73,82.79,37.986,88.16,69.5,89.7,93.44,94.39,101.19,37.903
2021-07-06,74.91,97.5,96.58,90.08,88.48,87.81,84.09,98.57,88.48,83.3,34.26,79.82,86,86.07,85.36,92.83,98.61,34.251
2021-07-07,73.42,96.79,95.78,89.56,87.08,88.98,84.38,98.77,85.78,83.69,32.421,79.67,86,85.08,83.09,92.7,97.62,32.229
2021-07-08,74.31,92.04,91.17,87.99,85.1,85.89,84.47,98.8,84.63,83.96,33.268,81.26,82.5,83.63,84.48,91.64,92.83,33.094
2021-07-09,75.59,94.09,93.54,91.13,87.3,89.06,84.33,98.37,86.3,83.93,36.75,86.01,82.5,87.12,90.8,91.57,95.31,36.625
2021-07-12,75.2,92.49,91.46,89.42,86.11,87,84.19,98.02,85.65,84.55,34.688,82.18,82.5,85.38,86.1,92.45,93.44,34.486
2021-07-13,76.46,91.73,90.54,88.33,85.49,86.66,84.25,98.09,85.19,84.33,35.452,82.71,87.5,84.42,87.61,91.63,91.74,35.333
2021-07-14,74.59,92.18,90.86,87.96,85.22,87.37,84.37,98.66,84.92,84.19,34.819,78.79,87.5,83.94,86.49,91.75,92.9,34.801
2021-07-15,73.3,92.52,90.91,87.59,84.76,85.68,84.51,98.95,84.42,84.24,33.899,79.97,84.5,83.23,85.19,91.51,93.11,34.002
2021-07-16,73.18,92.52,91.34,87.99,84.92,86.54,84.31,98.81,84.76,83.62,34.792,82.09,86.25,83.46,87.57,92.28,93.39,34.669
2021-07-19,68.74,93.64,93.16,88.64,85.45,87.33,83.72,99.42,85.29,83.04,35.685,81.54,86.25,84.12,89.9,92.11,94.76,35.787
2021-07-20,68.62,93.44,92.62,87.4,84.73,85.92,83.77,99.39,84.27,83.24,35.105,79.9,87,82.76,88.56,92.71,93.57,35.192
2021-07-21,72.16,92.31,92.12,87.39,84.57,85.61,83.84,99.2,83.94,83.41,35.893,80.54,89,82.58,89.71,92.67,93.25,35.847
2021-07-22,73.63,92.11,91.83,86.77,84.54,85.99,83.87,98.96,83.33,83.6,36.121,77.74,89,82.06,89.54,92.77,93.12,36.193
2021-07-23,74.05,91.18,91.2,86.17,84.56,84.67,83.71,98.44,83.25,83.43,35.557,77.06,89,81.98,89.03,92.83,92.69,35.645
2021-07-26,74.81,91.59,91.51,83.76,82.75,82.7,83.07,97.71,81.37,83.1,36.843,78.47,69.925,80.26,92.51,93.34,94.7,36.863
2021-07-27,74.57,92,92.13,84.46,83.23,83.11,83.09,98.36,81.47,82.48,37.581,79.6,72.1,80.22,94.06,93.22,94.48,37.65
2021-07-28,74.79,92.44,92.95,85.49,82.73,84.08,82.96,99.18,81.69,80.81,39.662,82.04,87,79.85,98.68,93.18,94.4,39.672
2021-08-02,73.23,105.43,105.12,88.7,91.66,86.34,79,109.23,82.34,77.02,42.188,92.03,107.5,80.14,103.82,93.55,103.72,42.086
2021-08-03,72.18,109.13,108.71,87.79,90.57,86,79.48,111.81,82.6,77.67,41.208,91.36,107.5,79.78,102.49,94.38,107.53,41.031
2021-08-04,70.22,109.01,108.57,87.13,89.1,84.98,79.65,113.72,82.83,78.12,42.232,92,107.5,79.85,103.54,94.18,105.75,42.013
2021-08-05,71.22,112.06,110.43,86.37,88.14,83.89,79.66,114.53,82.39,76.4,42.88,93.34,107.5,77.72,105.31,94.6,107.83,42.709
2021-08-06,70.49,117.6,115.73,88.03,88.64,84.9,79.45,115.18,83.34,75.37,43.162,92.84,107.5,79.72,104.97,96.74,114.1,43.011
2021-08-09,69.21,120.32,120.14,85.76,86.75,82.38,79.08,118.48,82.49,72.8,42.8,92.58,107.5,78.96,105.08,99.2,116.8,42.657
2021-08-10,70.86,120.14,120.78,86.45,86.91,85.13,79.31,119.95,83.29,73.55,44.635,94.44,107.5,79.85,107.18,98.8,114.85,44.52
2021-08-11,71.62,119.96,119.82,86.91,87.98,84.4,79.54,120.11,83.29,74.49,45.967,97.37,107.5,80.41,110.46,100.77,114.49,45.879
2021-08-12,71.15,117.7,117.65,86.82,87.82,84.14,79.75,120.34,83.24,75.05,45.885,95.8,113.25,80.31,109.27,103.01,112.92,45.882
2021-08-13,70.21,117.46,117.44,86.97,88.04,85.5,79.66,120.06,83.58,74.67,44.611,93.49,113.25,80.33,107.51,103.72,113.09,44.644
2021-08-16,69.66,116.33,116.63,87.92,88.71,85.03,78.94,120.14,83.18,72.89,47.983,98,115.6,79.26,112.78,101.82,111.96,47.565
2021-08-17,69.1,116.25,115.24,87.04,88.95,84.76,78.82,120.4,82.97,73.15,46.912,96.23,115.6,78.6,110.9,101.78,111.66,46.808
2021-08-18,67.4,114.5,113.5,86.96,89.85,84.59,78.94,120.36,82.97,73.84,45.3,92.9,117.55,79.18,107.59,103.58,109.93,45.137
2021-08-19,66.53,113.07,111.59,84.67,88.37,82.07,79.33,120.18,80.87,74.64,40.245,88.73,117.55,76.9,99.84,103.74,109.07,39.86
2021-08-20,65.04,111.5,110.35,84.76,86.4,82.34,79.3,119.96,80.91,75.11,42.066,88.85,103,76.47,102.29,103.79,107.53,41.715
2021-08-23,68.71,112.11,110.75,83.68,85.16,82.28,79.45,119.88,80.58,75.83,41.785,90.71,103,75.56,102.51,103.41,107.88,41.485
2021-08-24,71.16,112.37,110.51,83.86,85.38,81.25,79.67,120.02,80.76,76.27,44.84,94.62,103,76.05,108.26,104.1,108.72,44.23
2021-08-25,71.87,112.41,110.93,84.23,85.86,81.51,79.95,120.45,81.09,76.8,45.253,93.1,103,76.22,109.22,105.17,109.08,44.832
2021-08-26,71.35,112.58,110.86,83.7,85.45,81.67,80.39,120.52,81.13,77.42,45.758,94.16,112,76.17,110.34,105.28,108.56,45.309
2021-09-01,71.33,108.5,108.17,105.49,114.6,104.51,86.09,113.09,107.21,115.02,50.194,101.9,125.5,103.46,120.09,124.43,108.93,49.136
2021-09-02,72.89,112.94,113.32,110.23,112.18,109.57,86.38,113.24,111.07,116.6,52.09,106.15,129,108.05,124.33,125.8,113.43,51.289
2021-09-03,72.4,112.76,112.58,111.33,116.21,110.54,86.79,113.8,114.09,118.1,51.565,106.98,129,111.12,123.97,127.05,113.39,51.3
2021-09-06,72.1,119.35,118.13,116.01,118.89,115.13,87.56,113.94,117.83,120,52.826,110.41,129,115.35,126.41,129.4,120.21,52.125
2021-09-07,71.6,118.78,116.97,117.63,119.13,116.84,87.89,114.02,119.03,121.68,53.888,112.48,134.5,116.83,128.44,132.35,119.33,53.249
2021-09-08,72.71,120.18,118.12,119.57,120.24,118.94,88.16,114.77,121.4,124.02,55.217,114,138,119.08,131.89,133.12,121.63,54.443
2021-09-09,71.23,122.95,120.9,121.86,122.54,121.37,88.64,115.68,123.76,126.13,56.502,116,138,120.82,133.73,135.77,124.47,56.17
2021-09-10,72.91,126.97,124.86,125.51,122.94,124.97,89.11,116.1,126.07,127.79,57.892,119.19,140,123.89,136.43,139.43,128.43,57.666
2021-09-13,73.63,132.61,130.15,131.96,134,131.82,91.49,117.43,133.26,138.67,61.087,129.09,152.75,131.96,145.92,143.42,134.96,61.233
2021-09-14,73.95,136.38,132.91,136.87,139.15,138.11,92.05,119.43,139.87,147.47,65.477,142.73,164,137.84,158.81,146.74,139.05,65.23
2021-09-15,75.49,143.07,139.71,144.97,147.09,147.79,92.88,121.53,146.72,164.29,70.802,126.5,164,144.95,182.98,152.87,146.61,70.725
2021-09-16,75.63,133.96,129.27,132.68,136.35,132.82,93.87,123.01,137.6,145.26,61.678,131.25,164,133.69,159.8,151.72,135.66,61.2
2021-09-17,75.39,134.55,130.13,131.18,135.6,133.12,94.56,123.68,135.67,141.99,64.85,137.33,160.1,131.92,163.83,152.46,135.67,64.917
2021-09-20,74.15,136.05,131.12,131.98,134.9,133.96,96.48,126.63,136.72,156.75,75.218,147.48,160.25,134.28,176.44,152.54,135.66,75.044
2021-09-21,74.74,134.72,129.2,131.21,135.45,132.97,97.27,128,136.89,153.34,73.746,139.38,157.438,133.95,181.65,154.28,134.7,73.775
2021-09-22,75.94,133.82,127.42,130.9,136.45,131.67,97.24,127.94,136.43,149.12,71.567,132.17,181,133.88,184.03,153.57,134.94,71.69
2021-09-23,77.22,133.06,127.06,131.44,137.29,133.17,97.12,128.87,136.02,146.56,69.65,133.86,132,134.25,181.31,154.35,135.71,69.47
2021-09-24,78.04,131.91,125.26,131.12,137.9,131,97.44,129.49,136.61,146.79,71.794,134.62,132,134.66,189.61,154.82,135.49,70.45
2021-09-27,79.35,133.32,125.86,129.45,137.09,132.36,99.39,132.88,137.15,157.21,76.846,141.9,182.75,134.65,205.76,155.69,134.05,77.101
2021-09-28,78.24,133.6,125.6,129.56,136.55,132.85,100.08,134.05,137.84,170.2,78.684,146.48,182.75,135.01,219.4,156.07,134.33,78.89
2021-10-01,79.13,193.43,189.56,181.18,186.22,183.89,104.88,182.77,201.98,154.44,93.9,191.27,227.5,195.11,245.06,213.36,193.9,94.18
2021-10-04,81.32,200.48,197.73,186.54,190.84,191.85,103.54,181.47,206.43,151.16,96.523,200.01,231.7,198.15,248.11,209.57,200.15,96.765
2021-10-05,82.66,216.04,213.29,209.02,205.94,214.49,103.54,204.5,227.87,151.85,115.85,261.23,272,217.87,284.74,228.61,219.88,116.2
2021-10-06,80.7,211.74,208.99,204.72,210.4,211.22,103.54,220,230.91,156.51,109.325,224.22,249.424,223.94,272.04,231.25,214,109.59
2021-10-07,82.4,196.49,193.74,177.7,191.94,184.22,103.54,183.01,207.66,157.98,97.15,215.07,220,199.26,251.04,214.91,195.46,97.31
2021-10-08,82.73,180.58,177.84,163.54,181.06,170.12,103.54,183.14,200.83,158.19,87.2,176.41,220,187.62,233.26,207.8,179.92,87.31
2021-10-11,83.62,179.25,176.87,149.38,169.67,156.08,103.54,190,188.05,159.82,85.34,176.62,208.91,172.92,227.29,201.04,181.99,85.44
2021-10-12,83.36,179.59,177.21,147.17,166.18,154.6,103.54,190,188.75,161.07,85.75,180.15,213.5,171.15,230.05,193.03,184.06,85.873
2021-10-13,83.36,184.44,182.05,156.62,171.21,161.23,103.54,192,192.54,162.42,93.335,195.03,218.4,176.9,241.06,199.54,190.64,93.446
2021-10-14,84.2,187.05,183.88,154.42,174.66,157.53,103.54,210,195.85,164.04,102.4,206.05,211.806,179.1,255.37,204.53,193.59,102.511
2021-10-15,84.83,192.54,189.36,157.4,177.11,161.07,103.54,210,197.82,165.26,93.95,191.53,227.451,183.54,231.55,210.55,199.55,94.065
2021-10-18,84.15,189.49,186.17,144.9,165.32,147.6,103.54,210,195.95,166.97,93.9,179.84,219.5,175.33,225.82,207.62,196.72,94.012
2021-10-19,85.11,190.43,187.11,143.35,164.21,146.54,103.54,210,196.33,164.54,90.63,177.03,217,173.17,213.59,206.39,200.3,90.65
2021-10-20,85.88,193.14,190.21,145.52,170.99,155.65,103.54,210,197.62,163.59,92.75,189.93,214.381,177.07,222.23,208.22,203.63,93.832
2021-10-21,84.8,192.33,189.01,148.03,172.47,167.3,103.54,210,199.2,163.68,88.62,179.19,212.25,178.8,211.46,207.34,202.69,88.5
2021-10-22,85.66,196.52,191.48,155.15,175.24,175.09,105.15,210,201.47,165.35,87.1,187.75,207.651,181.35,210.29,208.21,206.54,87.427
2021-10-25,85.99,185.04,180.12,144.38,169.04,167.33,105.15,203.79,198.61,167.82,89.063,189.07,212.5,175.56,215.5,205.98,199.9,89.492
2021-10-26,86.12,184.5,178.28,143.72,166.67,168.7,105.37,204,198.41,168.34,88.26,188.74,209.917,174.65,215.07,202.71,200.26,88.6
2021-10-27,84.09,182.95,176.51,142.59,167.33,168.69,105.94,198.79,198.69,169.22,86.86,177.51,206.25,174.06,206.05,201.42,199.33,86.868
2021-11-01,84.51,179.69,171.95,152.91,169.11,165.96,102.92,187.15,187.72,163.35,65.605,143.31,162,178.49,172.78,160.35,181.88,65.2
2021-11-02,84.05,185.49,177.61,155.71,166.14,166.96,103.43,188.38,188.42,164.03,67.55,152.37,161.298,180.73,177.63,160.17,184.49,66.885
2021-11-03,81.4,189.42,181.63,161.5,170.19,172.7,103.36,200,196.11,164.49,76.448,166.46,192.962,189.66,189.92,165.56,189.86,76.188
2021-11-04,80.78,192.1,184.35,161.65,170.24,173.08,102.74,195,200.04,165.38,73.275,152.06,180.225,191.62,179.7,166.88,192.21,73.3
2021-11-05,82.27,192.8,185.56,160.39,170.71,174.84,101.77,190.24,200.99,165.06,74,156.63,185.45,191.32,181.99,169.88,192.47,73.838
2021-11-08,83.7,196.6,190.26,155.46,168.88,172.71,100.7,197,206.32,165.38,78.8,160.48,195,196.4,187.62,170.39,199.28,78.55
2021-11-09,85.2,195.53,188.75,154.63,168.56,171.62,101.19,193.35,205.21,167.08,73.01,146,186.75,195.24,176.01,170.76,196.16,72.611
2021-11-10,82.67,187.68,181.2,150.59,161.51,167.23,101.72,193.89,194.15,167.73,70.915,146.92,172.031,182.8,176.89,166.72,186.42,69.708
2021-11-11,82.62,193.68,187.27,154.05,164.39,170.81,102.47,195.1,196.5,167.85,74.7,154.62,179.575,187.15,184.01,167.87,194.3,74.45
2021-11-12,82.04,198.6,192.89,157.03,166.42,174.11,103.35,196.62,201.94,167.91,75.5,153.24,184.125,194.38,184.6,171.14,199.29,75.3
2021-11-15,82.14,206.39,201.57,164.81,177.05,180.99,105.47,201.54,217.19,172.6,80,166.61,200.514,213.63,197.04,175.77,201.69,79.95
2021-11-16,82.22,212.43,207.13,173.18,185.11,190.39,106.16,203.83,221.41,174.32,94.15,186.66,227.017,216.86,222.97,181.69,213.49,94
2021-11-17,80.2,219.6,214.73,183.76,195.76,203.76,106.05,206.87,229.75,176.48,94.9,187.74,247.218,227.17,229.35,196.35,222.29,95.15
2021-11-18,81.07,221.34,216.49,178.33,192.66,199.72,105.54,220,232.09,177.9,95.205,185.57,247.218,229.63,230.62,194.94,223.02,95
2021-11-19,78.51,220.64,216.38,176.39,191.43,199.38,105.1,230,231.39,179.06,87.065,173.39,247.218,228,224.12,193.03,222.24,87.245
2021-11-22,79.59,219.2,215.78,177.3,188.21,202.47,107.62,237,233.48,185.39,84.3,168.63,210.434,226.24,220.63,191.5,217.44,83.609
2021-11-23,82.27,221.13,216.68,175.18,185.5,203.02,109.46,238,231.3,189.28,91.195,180.16,219.84,223.06,231.77,189.11,216.2,90.375
2021-11-24,82.22,221.11,216.89,181.73,186.75,209.16,110.45,239,233.65,192.09,93.8,189.47,234.711,226.8,236.25,191.04,223.02,93.65
2021-11-25,82.26,219,214.78,182.49,188.9,210.84,112.1,235,237.03,194,93.365,186.66,233.5,231.63,242.32,194.43,223.09,93.557
2021-11-26,72.88,216.16,212.77,180.93,187.81,208.88,113.67,234,231.32,195.86,87.7,171.04,231.4,232.81,245.28,194.41,219.15,87.833
2021-11-30,70.57,260.69,257.56,229.37,239.02,252.3,117.42,241.82,282.09,223.38,93.522,222.04,234.17,338,236.88,251.29,261.61,93.042
2021-12-01,68.94,247.82,244.57,225.46,232.72,250.52,117.87,242.33,284.34,222.88,95.864,232.06,243.724,323.05,303.01,245.47,250.28,95.8
2021-12-02,70.45,246.22,242.87,221.95,221.81,251.48,118.35,241.85,279.02,223.29,94.466,237.65,235,301.1,303.68,240.25,248.93,94.864
2021-12-03,69.98,252.14,249.52,225.87,222.61,246.03,121.09,240.98,280.03,222.77,89.955,231.95,231,288.6,295.9,237.81,255.15,89.6
2021-12-06,73.55,242.1,239.07,217.36,211.48,247.72,129.59,238.05,271.87,222.45,89.992,235.4,234.639,272,301.86,225.01,239.14,90.4
2021-12-07,75.15,243.63,239.67,221.97,220.44,252.99,130.8,237.77,273.64,222,95.581,246.71,241.371,275.63,313.88,224.55,242.97,95.501
2021-12-08,75.92,259.76,254.91,241.92,227.65,271.41,134.28,237.36,290.84,223.83,102.316,260.05,257.955,296.06,330.53,228.13,260.18,101.461
2021-12-09,74.05,246.55,241.22,233.22,224.06,261.85,138.36,237.04,281.88,224.33,100.563,246.72,255.267,284.08,323.9,232.99,249.33,101.051
2021-12-10,75.23,243.89,239.16,231.39,221.9,257.25,142.74,236.69,281.4,224.9,105.604,259.85,257.834,287.16,329.45,234.75,247.39,106.323
2021-12-13,74.2,258.16,253.62,253.99,244.18,275.68,156.35,233.87,300.11,228.68,116.189,287.9,297.381,327.9,351.08,250.24,272.95,116.299
2021-12-14,73.2,253.76,248.08,251.66,247.93,273.81,159.51,245,300.83,230.93,127.613,304.61,322,316.43,352.45,248.75,271.86,129.199
2021-12-15,74.34,255.21,249.25,254.05,249.5,277.77,160.72,236.05,303.41,234.83,132.944,304.63,322,316.12,357.33,248.46,271.84,131.383
2021-12-16,74.62,274.09,267.72,273.45,273.51,296.52,161.97,238.79,318.78,238.57,142.457,398.24,350,358.76,480.2,250.98,287.77,143.314
2021-12-17,72.82,260.84,252.99,257.94,258.79,282.34,163.44,237.38,317.67,241.18,135.895,374.47,344.5,328.04,465.77,248.8,273.79,137.5
2021-12-20,72.07,260.04,250.23,242.64,259.99,276.67,169.32,242.22,310.65,254.94,146.957,384.46,372,307.41,490.41,249.17,265.94,147.451
2021-12-21,74.05,271.19,260.41,254.46,265.21,281.51,176.94,247.84,315.52,260.54,181.436,421.6,386.475,321.35,560.06,252.36,276.6,180.2
2021-12-22,75.56,267.54,256.66,252.81,267.66,279.83,180.19,258,317.49,265.54,173.25,390.67,425.162,317.47,553.26,257.06,273.81,172.451
2021-12-23,76.65,257.13,245.59,246.16,265.86,275.6,179.45,250.36,310.24,267.37,132.877,335.08,335,305.53,341.8,258.39,269.49,133.121
2021-12-24,75.9,257.13,245.59,246.16,265.86,275.6,179.45,250.36,310.24,267.37,111.684,346.28,302.334,305.53,322.38,258.39,269.49,111.566
2021-12-27,78.86,242.88,233.25,227.63,250.17,256.71,177.42,243.47,284,259.45,106.041,272.46,415,275.03,322.38,232.73,250.27,106.75
2021-12-28,79.1,240.02,229.57,227.33,240.64,249.17,178.37,241.97,282.13,257.27,106.565,288.99,344.746,273.96,322.38,237.38,247.61,106.888
2021-12-29,79.29,235.45,225.2,229.08,238.42,250.39,178.15,239.4,281.73,252.34,96.522,244.99,302.334,273.87,254.66,239.28,245.38,96.065
2022-01-03,78.99,212,191.78,196.03,212.59,210.36,194.31,229.74,225.93,210.01,80.17,260.94,142.971,242.18,210.05,212.01,210.18,80.6
2022-01-04,80.19,214.71,194.58,200.81,201.94,213.98,191.25,226.79,226.17,207.7,88.96,262.66,215.998,241.42,280.97,219.51,215.42,89.5
2022-01-05,80.24,209.24,189.98,196.05,204.51,208.12,189.06,225.88,225.4,207.36,91.25,266.9,224.448,237.42,288.23,220.96,212.73,90.8
2022-01-06,82.09,214.12,195.45,201.01,208.08,213.7,186.65,225.54,225.73,206,96,265.15,225.357,242.1,281.02,215.29,218.68,96.173
2022-01-07,81.84,206.83,189.26,197.58,210.33,209.18,185.43,226.05,229.13,204.32,88.605,243.74,215,232.33,245.21,215.04,212.69,88.333
2022-01-10,81,194.26,178.86,187.56,205.33,200.9,186.01,225.53,231.6,203.63,85.03,230.99,223.057,229.46,235.68,214.53,201.4,84.8
2022-01-11,83.61,190.77,175.35,181.39,197.02,193.54,186.86,225.28,222.89,203.93,78.5,211.54,203.543,217.24,209.43,202.79,198.62,78.6
2022-01-12,84.77,188.33,173.73,174.83,189.35,187.75,183.9,224.83,217.19,203.59,75.5,196,191.75,211.3,193.12,198.29,197.34,75
2022-01-13,84.08,182.21,168.17,169.61,181.85,181.39,180.75,224.6,208.61,203.22,85.32,208.12,183.995,201.42,200.57,194.29,192.99,83.8
2022-01-14,86.31,189.2,176.33,176.29,187.36,187.36,180.28,224.08,221.27,202.9,86.45,209.65,217,219.37,217.54,201.36,201.39,86.5
2022-01-17,86.55,184.39,174.14,175.46,188.95,185.03,172.52,223.39,214.34,201.78,76.91,193.76,207.527,207.36,200.09,197.07,194.53,76
2022-01-18,88.64,187.5,177.3,176.88,189.78,187.97,169.82,223.53,214.49,200.76,78.3,192.82,200.492,208.3,187.43,196.05,201.53,78.5
2022-01-19,87.74,186.29,176.96,177.89,187.41,191.66,166.3,222.94,213.1,199.18,75.9,181.05,181,207.32,194.05,195,200.41,76.5
2022-01-20,87.39,185.89,177.15,172,183.3,185.16,162.94,222.53,211.34,198.03,74.95,184.35,178,205.01,193.48,194.06,199.71,75.667
2022-01-21,87.86,186.8,179.18,173.61,184.5,186.16,161.38,225,212.63,196.9,78.77,190,191.327,206.47,187.8,196,200.39,79.276
2022-01-24,87.07,189.67,184.3,175.2,187.39,184.69,158.46,221.93,215.99,198.46,92.68,211.27,221.332,210.1,220.31,198.19,198.23,92.675
2022-01-25,87.8,192.29,186.91,173.64,184.85,185.35,157.09,222.5,216.59,198.42,93.59,216.67,225.159,211.05,222.09,199.29,201.06,93.5
2022-01-26,89.85,192.79,188.3,175.04,187.05,187.92,153.93,225.09,217.18,197.54,91.65,208.27,213.79,209.99,218.62,199.98,203.71,91.7
2022-01-27,90,193.14,189.21,177.62,189,188.41,150.77,226.21,217.53,197.23,92.548,208.89,219,210.27,218.57,200.19,206.07,93.029
2022-01-31,91.28,192,191.16,179.57,189.1,189.01,143.59,227.3,219.36,191.4,84.345,181.38,201.744,211.42,196.76,201.72,204.77,84.518
2022-02-01,89.4,206.59,191.67,176.19,192.29,188.87,165.02,227.45,220.71,203.56,75.84,171,177.188,216.57,173.29,205.72,208.39,76
2022-02-02,89.31,213.36,199.1,184.08,189.43,195.13,165.74,227.26,218.84,203.14,77.65,179.14,186.598,213.05,177.39,203.85,215.34,77.819
2022-02-03,90.92,207.18,193.35,176.63,187.6,189.02,165.23,227.38,214.46,202.26,80.3,183.22,190,208.56,179.01,203.72,210.63,79.8
2022-02-04,92.59,213.05,200.15,176.09,185.9,192.14,162.9,227.63,216.32,198.69,82.55,183,195.644,211.5,184.7,203.13,217.34,83.2
2022-02-07,92.95,199.72,188.32,162.81,174.15,177.83,156.42,225.67,210.07,192.05,79.45,171.38,188.237,198.66,179.03,200.32,201.95,79.6
2022-02-08,91.23,200.41,189.15,160.27,172.96,176.53,155.04,225.25,208.01,191.6,77.305,163.86,185,193.9,175.4,199.5,203.62,78
2022-02-09,91.84,198.66,188.06,159.17,166.11,174.45,154.23,225.04,202.27,191.54,73.9,163.98,175.997,188.84,171.37,194.93,200.47,74.4
2022-02-10,91.49,199.17,188.9,157.22,164.68,171.01,153.24,224.78,201.29,191.14,74.11,163.49,178.684,185.49,168.49,188.69,202.12,73.8
2022-02-11,95.12,195.24,186.06,150.56,162.23,164.57,152.27,224.35,201.63,189.28,77.37,162.12,183.55,186.98,173.33,189.96,197.83,77.665
2022-02-14,95.59,196.16,188.99,153.91,165.31,164.42,145.47,223.28,202.38,182.46,80.7,166.15,189.112,184.27,179,193.88,193.73,80.8
2022-02-15,93.41,194.42,187.07,151.85,161.5,166.06,143.04,223.05,200.2,179.65,69.025,148.33,166.148,178.46,159.26,189.58,193.88,70.9
2022-02-16,91.89,191.45,184.72,147.57,159.21,164.59,140.13,222.03,199.78,176.13,69.7,153.81,166.853,176.1,160.9,187.51,191.93,70.2
2022-02-17,92.86,191.2,184.84,147.55,161.13,165.37,137.56,221.26,199.42,174.42,74.76,156.12,170,177.7,169.42,188.72,192.37,74.3
2022-02-18,93.73,189.77,184.29,147.7,160.42,165.36,134.39,219.99,199.63,170.08,73.8,150.34,175.5,176.99,168.69,186.85,191.07,73.2
2022-02-21,97.28,186.45,182.97,147.5,160.27,160.95,126.7,215.85,200.12,162.56,72.4,153.02,174.083,177.19,169.02,186.56,186.24,72.6
2022-02-22,96.74,187.94,184.32,151.09,162.44,165.33,124.69,214.47,201.58,161.47,80,175.61,186.996,179.92,179.99,187.66,188.72,79
2022-02-23,97.51,187.97,184.88,151.61,164.21,164.9,122.6,212.63,203.46,159.95,88.36,197.91,197.346,181.73,197.08,189.78,190.46,87.95
2022-02-24,99.34,191.85,189.14,156.47,173.12,170.34,120.39,212.94,213.88,161.32,134.5,279.07,187,189.29,246.49,194.69,195.8,135.075
2022-02-28,101.1,188.51,187.8,154.98,168.37,167.78,117.07,211.71,208.62,162.64,98.675,197.9,233.059,185.55,210.17,200.22,194.27,99.478
2022-03-01,107.04,242.92,240.39,233.57,240.58,252.13,139.87,240.98,260.2,243.42,121.01,265.27,290,256.87,249.76,247.49,251.54,121.95
2022-03-02,114.8,302.2,299.31,299.65,282.72,318.7,140.22,300,325.71,246.63,164.798,341,392.55,321.88,323.33,294.29,317.66,164.914
2022-03-03,110.68,327.04,323.3,318.14,316.71,335.97,140.72,246.27,335.24,250.59,160.949,302.37,415.325,345.5,308.2,298,341.35,160.834
2022-03-04,117.98,399.41,396.45,387.74,321.28,400.1,141.54,249.65,405.33,254.39,192.001,420,450,419.72,369.98,363.52,410.52,192.967
2022-03-07,124.53,450.5,440.54,420.6,437.29,435.71,142.9,260.07,455.19,269.83,231.479,440.26,530.978,466.69,407.71,437.5,453.13,230
2022-03-08,129.45,430.85,415.67,398.74,392.64,408.1,143.92,263.01,447.79,276.79,213.699,442.51,476.135,435.72,395.52,401.94,423.98,214.981
2022-03-09,112.09,362.65,346.85,333.4,320.01,343.44,143.76,266.55,386.22,280.2,157.101,348.25,377,368.17,302.18,335.56,354.17,157.102
2022-03-10,109.23,341.29,324.89,308.12,302.92,329.78,143.19,268.92,355.28,278.06,123.637,291.79,277,341.06,259.12,316.62,339.58,124.3
2022-03-11,112.12,331.18,315.43,287.88,286.51,314.38,142.74,269.6,346.26,276.29,131.177,287,307.138,334.32,270.11,313.93,337.01,131.98
2022-03-14,106.1,310.36,293.32,269.45,280.97,297.79,143.18,274.91,331.68,275.93,115.088,237.39,279.901,318.84,239.15,297.01,304.73,115.75
2022-03-15,98.67,311.36,292.88,271.27,272.83,300.43,143.95,276.17,326.17,277.12,116.423,242,278,314.59,242.82,294.84,306.34,115.428
2022-03-16,97.96,301.21,282.44,261.16,269.55,292.41,143.8,276.66,317.79,277.26,101.602,225,239,304.46,219.01,285.04,297.53,101.941
2022-03-17,107,296.53,277.49,260.62,266.78,293.92,144.52,276.67,315.56,276.84,104.7,227.33,233.5,304.3,226.08,288.51,294.86,105.13
2022-03-18,108.35,294.2,275.44,262.1,263.84,291.92,144.57,276.4,312.04,272.69,104.038,213.94,234.5,300.62,221.59,287.92,296.69,104.496
2022-03-21,116.68,286.49,268.93,256.28,260.06,286.06,143.53,275.77,308.67,268.96,96.75,201.25,219.562,296.09,217.7,283.15,287.91,97.09
2022-03-22,114.53,285.7,266.76,254.95,259.48,284.61,143.72,275.45,306.86,268.66,98.9,202,226.777,295.99,211.25,279.47,286.82,99.309
2022-03-23,121.15,289.36,270.5,259.54,260.1,288.61,143.83,275.07,310.53,268.56,117.113,223.22,268,302.06,241.81,279.53,292.06,117.49
2022-03-24,118.16,287.02,267.57,262.77,261.55,290.29,143.63,275.08,311.81,268.57,110.94,229.67,270,302.17,231.71,284.01,292.9,111.59
2022-03-25,119.6,282.26,263.25,260.69,260.92,286.12,142.84,274.73,309.17,266.26,102.999,206.75,230,299.99,213.74,283.91,289.63,103.452
2022-03-28,109.75,278.49,257.39,260.91,260.58,284.27,140.52,273.4,304.88,264.47,102.751,225.31,250,294.45,220.51,283.35,286.56,104.366
2022-03-29,111.24,277.89,253.99,260.53,260.41,284.28,141.93,273.16,305.52,265.19,108.008,225.59,275,295.18,227.91,283.96,286.21,111.975
2022-03-31,108.05,253.36,241.6,243.97,250.91,253.47,153.54,260.72,276.67,258.29,125,226.05,296.576,311.27,213.84,260.66,257.97,127.27
2022-04-01,104.68,238.03,227.03,224.25,249,235.63,151.14,257.54,273.73,255.45,112.71,245.2,275,304.68,219.96,263.28,244.82,114.81
2022-04-04,107.84,217.24,207.66,197.09,229.89,216.78,145.78,259.88,262.83,252.65,109.35,235,232.655,270.3,212.83,248.48,219.7,111.3
2022-04-05,105.7,213.17,203.1,192.95,225.67,215.83,144.58,260.62,257.17,248.29,108.4,228.61,233.384,262.74,210.45,235.04,214.87,110.507
2022-04-06,101.6,212.52,202.97,192.16,224.76,218.45,142.38,259.61,255.83,242.42,106.92,228.75,234.967,261.95,210.85,221.24,218.62,108.42
2022-04-07,101.34,205.17,195.68,188.18,222.34,214.72,140.5,259.15,253.49,240.9,104.55,224.69,230,256.98,205.16,217.2,211.04,105.45
2022-04-08,102.4,204.92,196.35,186.99,220.55,214.38,138.22,258.09,253.6,236.74,103.71,219.04,220.25,258.75,200.63,222.34,212.12,105.185
2022-04-11,99.5,193.42,186.48,187.89,220.15,216.31,134.1,254.54,246.62,231.8,100.03,213.49,198,250.09,192.98,217.61,206.69,101.18
2022-04-12,105.03,189.92,182.54,186.9,218.43,214.55,133.19,255.07,243.15,231.01,102.085,216.51,195,248.3,192.48,213.02,201.45,103.31
2022-04-13,108.84,187.91,181.04,185.16,212.45,211.94,133.42,255.87,242.74,229.98,105.31,223.37,198.309,247.87,193.7,211.35,199.02,106.46
2022-04-14,111.43,185.66,178.98,183.04,212.17,207.18,132.77,255.83,240.83,228.13,95.602,198,165,245.32,170.71,208.34,197.18,96.752
2022-04-19,107.32,180.89,176.33,172.74,200.81,190.88,126.91,254.32,227.15,211.04,93.625,202.22,167,231.97,169.41,181.7,189.98,94.325
2022-04-20,107.04,180.54,176.48,171.49,197.37,189.12,126.48,254.61,225.96,208.98,94.51,203.74,175,231.5,173.79,184.69,188.28,95.16
2022-04-21,108.83,180.8,176.98,175.8,197.51,193.88,125.46,254.26,228.2,206.08,100.15,225,166.193,235.14,182.76,187.66,193.92,100.825
2022-04-22,106.2,178.84,175.86,175.67,194.2,192.52,124.4,253.97,227.52,199.94,95.53,203.37,150.398,235.08,167.98,188.44,192.45,96.205
2022-04-25,102.57,176.1,174.67,173.98,193.84,188.2,122.63,250.99,227.21,191.72,93.1,193.82,170,233.44,162.04,191.23,190.01,93.67
2022-04-26,105.27,176.06,174.2,173.41,194.56,187.12,122.79,250.29,226.64,190.46,102.8,205.71,139.167,232.53,164.01,190.51,189.04,103.65
2022-04-27,105.15,175.52,174.17,174.68,195.33,187.5,123.2,249.66,228.63,189.52,107.105,215.04,142.667,234.15,171.65,191.19,190.21,108.5
2022-05-02,107.75,201.11,191.13,196.35,199.51,196.19,138.74,229.58,201.18,200.1,96.612,192.12,140,199.52,154.31,176.7,204.08,98.1
2022-05-03,105.92,207.17,196.76,200.23,195.4,201.3,138.7,230.09,202.33,201.02,99.395,204.99,129.704,202.77,168.67,178.1,209.54,100.475
2022-05-04,110.07,210.14,200.2,203.79,198.69,204.91,139.59,230.6,206.49,202.14,103.88,219.45,107.231,208.11,174.23,176.47,213.32,105.08
2022-05-05,111.06,211.17,201.4,206.31,200.4,207.23,140.42,230.72,209.56,202.99,106.3,227,104.539,210.55,178.27,180.92,214.6,107.31
2022-05-06,113.05,206.68,197.7,198.06,197.95,198.43,140.79,229.65,205.66,203.07,101.393,212.6,90,204.08,159.77,182.69,210.67,102.343
2022-05-09,105.11,207.27,199.85,192.46,190.13,192.04,139.57,228.6,202.96,201.51,93.751,193.56,71.5,200.92,155.45,182.26,207.46,94.551
2022-05-10,101.66,206.08,198.24,190.1,182.5,190.49,138.79,228.92,199.33,199.96,98.42,199.66,63.082,197.31,162.56,179.75,207.66,99.22
2022-05-11,107.48,206.18,198.79,189.37,182.91,190.73,137.73,228.84,199.53,199.2,94.06,199,63,197.87,164.68,177.59,208.21,94.86
2022-05-12,107.85,212.82,205.64,198.44,189.12,201.07,137.47,229.57,206.73,198.13,106.63,216.38,91.015,205.79,176.1,182.3,215.79,107.63
2022-05-13,111.36,208.5,202.08,193.09,187.1,195.36,137.07,229.55,202.22,196.7,97.334,204.5,82,200.4,168.34,181.95,211.56,97.934
2022-05-16,114.19,208.26,203.27,190.72,183.84,193.15,138.5,229.85,198.51,195.45,92.883,191.74,118,198.04,179.85,184.25,208.1,93.39
2022-05-17,112.64,208.11,202.71,192.41,184.89,194.14,139.5,229.69,199.35,195.57,93.96,202.15,119,199.92,180.73,183.22,208.56,94.5
2022-05-18,109.18,205.94,201,191.02,184.82,191.89,139.86,229.05,200.07,195.91,94.643,198.14,129.494,200.01,177.87,183.17,207.56,95
2022-05-19,111.58,204.43,199.62,187.44,184.73,188.87,140.02,228.69,196.62,196.09,90.985,191.15,123.549,196.51,167.56,184.21,205.84,91.295
2022-05-20,112.91,202,198,185.88,183.93,187.18,138.74,228.13,196.66,194.05,88.032,190.34,121.799,196.46,158.17,184.25,205.07,88.434
2022-05-23,113.54,202.42,199.94,182.91,183.48,181.93,140.01,226.74,194.58,191.81,83.54,182.25,115.787,194.1,150.42,184.48,202.15,83.64
2022-05-24,113.66,202.71,199.85,182.94,182.42,180.92,141.71,226.63,194.53,190.53,84.55,186.2,110.668,195.41,152.17,184.88,203.4,84.56
2022-05-25,114.31,201.84,199.41,184.8,180.65,182.58,140.62,226.64,195,185.76,87.78,189.7,110.888,196.48,157.22,184.19,202.33,87.93
2022-05-26,117.58,202.44,200.21,187.67,180.38,183.26,139.65,226.79,196.07,180.61,86.28,183.1,127,196.82,158.56,183.91,204.43,86.43
2022-05-27,119.24,202.14,200.65,189.27,178.52,185.12,138.4,226.94,196.7,176.75,87.133,189,139.167,197.27,165.89,183.92,205.73,87.263
2022-06-01,115.89,211.36,204.29,196,187.78,197.29,160.49,224.93,204.06,186.83,85.849,193.83,132.5,205.19,168,174.08,214.46,86.148
2022-06-02,118.22,205.7,198.37,191.79,184.7,192.66,160.9,223.43,200.58,186.18,83.959,189.35,127,199.62,185.77,179.03,209.31,84.411
2022-06-03,121,203.04,196.44,186.67,182.37,186.54,161.37,223.08,198.68,184.79,83.058,176.82,132.5,197.13,185.77,184.82,206.4,83.775
2022-06-06,119.93,203.63,197.25,186.21,179.85,183.26,161.53,223.11,195.97,179.23,82.615,183.86,144.021,192.75,164.64,188.65,208.1,82.865
2022-06-07,120.82,202.32,195.43,181.45,176.54,180.12,162.99,223.37,193.81,179.08,79.713,180.5,140.521,192.3,154.66,189.38,205.07,79.987
2022-06-08,123.83,194.02,187.16,172.75,170.04,171.36,164.58,222.77,190.06,178.73,79.321,176.17,99.904,186.83,152.22,179.49,196.48,79.631
2022-06-09,122.88,200.26,193.48,180.53,169.44,179.91,164.94,222.18,194.64,178.58,84.825,185.83,107,192.77,161.69,168.17,201.76,85.018
2022-06-10,121.93,197.52,191.31,177.93,166.4,176.42,164.42,221.07,196.7,175.96,82.639,180.87,114.138,195.11,159.13,168.89,199.14,82.807
2022-06-13,122.39,195.7,189.26,177.21,165.62,177.16,162.89,216.79,197.28,173.38,83.52,183.28,144.312,194.67,162.57,168.1,197.71,83.607
2022-06-14,121.09,203.46,196.16,183.97,168.05,183.11,164.27,216.46,205.77,174.2,96.875,207,180.382,206.08,190.44,169.25,205.38,97.209
2022-06-15,118.92,215.72,208.2,199.47,176.18,198.41,164.24,216.12,225.21,175.99,120.675,249.32,215.478,225.54,223.96,172.22,221.05,121.011
2022-06-16,119,228.44,220.71,211.33,201.12,210.25,165.08,216.47,237.34,178.73,126.034,245,242.751,248.18,221.29,179.51,232.09,126.588
2022-06-17,113.6,229.6,222.23,208.53,200.23,209.06,165.2,215.87,244.29,180.28,118.243,247.99,211.44,245.73,198.42,173.87,232.35,118.52
2022-06-20,114.24,230.09,221.79,215.79,201.76,218.73,166.44,215.48,248.44,186.09,122.137,250.45,183.028,245.35,203.12,172.59,231.81,122.356
2022-06-21,114.94,231.89,222.71,220.95,203.52,224.71,168.47,218.39,250.39,189.56,125.727,264.49,188.032,247.17,208.73,172.47,236.78,125.976
2022-06-22,110.09,233.02,224.27,222.16,207.06,227.31,171.2,221.34,251.75,193.85,127.29,269.54,173.147,247.97,198.59,170.95,237.94,127.566
2022-06-23,109.75,231.3,222.55,223.18,209.82,228.61,171.43,222.4,251.3,197.49,133.431,288.5,176.03,248.57,207.01,171.41,237.93,133.721
2022-06-24,112.66,231.58,223.75,222.46,210.75,227.07,171.96,224.62,250.64,199.67,128.366,273.01,167.399,244.53,193.37,170.89,238.89,128.656
2022-06-27,115.16,232.02,225.37,225.01,210.19,227.16,177.39,233.68,254.94,209.98,129.703,272.11,160.2,248.54,197.5,170.82,236.68,129.956
2022-06-28,118.15,230.92,223.23,224.53,209.97,227.61,181.03,236.37,254.56,213.69,129.245,273,162.5,247.83,203.95,169.84,236.23,129.632
2022-07-01,111.47,327.48,320.31,288.47,277.57,286.65,225.5,329.86,333.21,282.45,147.3,289.14,167.355,352.08,230.82,144.33,333.85,148.05
2022-07-04,113.82,345.18,339.27,298.99,274.46,300.54,229.2,325.88,341.88,282.26,163.071,341.4,215.915,365.59,261.33,146.32,345.47,163.871
2022-07-05,103.05,352.15,345.26,310.4,276.95,315.24,229.99,327.27,365.71,284.02,164.855,345.5,259.44,387.71,264.15,146.71,350.64,165.655
2022-07-06,99.72,375.53,368.95,336.15,296.38,348.29,231.5,327.75,380.35,284.17,169.6,371,191.363,437.67,266.11,147.83,378.77,170.275
2022-07-07,104.19,393.15,386.43,358.17,316.5,373,232.53,328.15,399.28,286.38,184,401.02,211.184,530.06,298.27,152.69,396.4,183.63
2022-07-08,107.15,366.11,360.3,331.49,318.74,348.23,229.5,326.48,394.68,285.14,176.16,364.02,195,477.75,266.18,151.03,369.95,176.885
2022-07-11,106.41,361.87,356.4,318.28,312.97,342.73,223.7,326.29,391.33,288.23,165.098,347.51,210,460.96,251.01,150.09,361.38,165.473
2022-07-12,99.16,359.81,351.63,304.37,313.97,328.04,221.6,325.4,386.77,291.32,172.823,366.51,230,445.79,259.57,149.52,359.79,173.198
2022-07-13,99.85,359.02,346.41,309.75,313.25,328.74,219.85,323.48,386.39,294.28,180.412,369.46,263.2,441.09,273.4,149.92,359.6,180.787
2022-07-14,99.78,368.24,353.74,320.46,312.64,333.99,217.56,323.82,389.37,296.64,174.932,361.85,225,426.54,255.09,149.8,370.7,175.332
2022-07-15,100.87,355.27,341.74,310.14,307.69,347.2,215.64,323.49,383.51,295.17,159.92,340.3,177.775,425.37,227.34,148.19,359.6,160.195
2022-07-18,105.6,352.57,332.51,302.64,296.22,339.2,214.52,322.52,379.76,299.3,156.89,335.03,168.102,418.18,225.14,144.29,355.06,157.19
2022-07-19,107.27,357,329.99,301.88,297.35,346.85,214.77,320.56,383.93,301.1,154.33,320.25,183.99,433.05,242.12,143.76,361.12,154.72
2022-07-20,106.64,357.55,329.06,301.56,298.44,349.33,214.91,320.54,377.2,303.23,154.26,321.82,245.002,415.67,264.85,143.36,365.68,154.66
2022-07-21,104.12,360.42,331.17,300.5,296.89,350.47,218.11,323.64,370.64,305.05,155.275,319.51,233.063,410.65,279.04,143.03,364.77,154
2022-07-22,103.73,362.23,333.52,305.41,297.59,348.51,220.57,324.04,369.59,306.31,160.461,331.66,282.82,406.55,285.83,142.98,369.24,160.836
2022-07-25,104.93,365.46,333.39,309.86,298.26,346.41,218.68,332.23,374.38,306.68,176.3,361.8,278.008,400.28,286.61,143.16,371.7,176.85
2022-07-26,104.56,367.78,332.64,318.8,303.08,357.75,219.05,336.85,378.38,309.85,200.16,419.23,301.506,403.84,311.43,143.02,376.85,200.91
2022-07-27,107.46,368.58,329.38,319.74,307.24,361.23,220.56,338.37,383.59,314.02,206.252,416,326.423,403.04,327.28,144.52,373.58,206.977
2022-08-01,100.06,448.61,440.09,391.38,363.5,422.92,282.61,476.52,426.72,373.54,201.7,408.32,280,454.73,338.84,145.41,450.75,202.25
2022-08-02,99.96,461.15,451.17,406.37,359.27,439.28,279.48,474.3,426.74,371.91,204.957,413.98,272.319,457.09,352.9,144.28,462.47,205.657
2022-08-03,97,444.41,418.65,401.6,361.54,433.39,275.4,470.96,420.19,372.56,199.588,412.04,303.542,452.1,353,143.44,446.68,200.06
2022-08-04,93.42,442.69,414.69,399.31,358.35,434.3,272.25,467.47,424.06,372.48,199.248,412.78,308.687,450.19,360.99,142.99,447.68,199.673
2022-08-05,94.89,431.13,404.32,387.81,355.77,419.9,267.92,463.47,418.7,369.49,196,399.25,299.478,434.87,356.97,143.04,435.69,196.85
2022-08-08,96.68,410.71,386.79,362.31,350.3,385.22,261.62,449.36,383.16,362.58,193.112,383.41,292.465,395.67,339.49,142.7,410.68,193.547
2022-08-09,96.44,398.7,373.87,356.01,330.03,368.07,260.59,445.07,386.22,361.12,191.8,401.33,286.315,384.17,339.26,141.96,399.03,192.578
2022-08-10,97.11,414.04,390.19,380.79,348.12,394.51,258.66,441.65,392.36,360.99,206,413,298.616,405.6,357.73,141.91,416.37,205.61
2022-08-11,99.47,424.47,399.43,392.35,359.74,406.2,256.27,438.87,399.33,362.85,207,413.93,321.243,421.87,369.21,142.16,432.05,208.596
2022-08-12,97.9,422.82,399.44,387.19,363.31,402.64,254.92,436.52,401.43,362.43,206.412,408.41,355.425,417.55,362.6,141.9,430.07,207.5
2022-08-15,93.15,428.93,404.37,408.17,379.77,421.64,248.08,426.97,420.59,363.98,219.85,459.68,361.567,439.59,379.56,144.07,436.08,220.305
2022-08-16,92.7,448.17,418.85,432.29,406.99,445.75,250.76,424.9,450.44,369.32,226.189,453.36,397.159,466.21,394.07,143.85,456.7,226.689
2022-08-17,93.05,456.75,423.94,450.3,410.72,467.02,253.95,422.63,459.5,374.6,225.653,478.57,374.567,479.82,400.98,143.47,467.52,226.153
2022-08-18,96.54,459.72,425.84,454.47,412.69,473.76,256.39,421.6,465.24,378.77,240.557,501.91,385,488.55,410.8,145.02,467.17,241.032
2022-08-19,95.89,461.2,426.78,456.26,416.99,470.53,258.8,418.72,474.85,380.77,244.2,529.32,376.122,491.87,423.63,149.4,468.35,244.43
2022-08-22,96.51,468.48,436.91,471.68,442.39,484.8,261.79,421.64,480.74,393.98,274.1,546.06,452.978,496.38,482.61,153.18,482.62,276.55
2022-08-23,100.22,467.86,433.11,467.88,443.63,482.15,264.85,423.62,480.56,401.63,268.652,537.6,477.346,493,447.26,157.06,479.41,269.132
2022-08-24,101.77,469.22,429.41,469.59,443.59,492.32,265.98,420.85,479.73,408.51,291.35,551.34,492.893,494.14,496.73,150.88,481,291.83
2022-08-25,99.88,480,431.14,477.2,455.68,494.83,268.13,418.3,491.01,419,321.06,610,555,506.28,519.82,153.16,496.15,321.66
2022-08-26,100.8,487.48,434.46,481.26,460.09,497.25,270.18,417.43,492.96,426.27,336.64,630.06,558.094,512.45,565.56,153.39,500.85,337.24
2022-08-29,104.91,491,435.2,477.64,450.31,494.74,266.99,429.55,489,443.58,274.442,572.99,548.6,495.82,565.56,155.07,496.99,275.092
2022-09-01,92.24,542.71,520.21,463.14,459.63,511.48,339.03,525,569.95,477,243.417,499.7,363.557,571.34,483.6,173.13,540.17,244.543
2022-09-02,93.18,503.73,483.52,438.28,440.32,491.11,334.14,490,533.15,444.38,216.263,425.24,363.5,523.02,424.64,162.19,509.33,215.279
2022-09-05,95.2,498.16,478.57,448.58,436.52,498.05,317.16,553.52,542.52,464,245.893,462.45,409.424,540.2,465,166.7,507.58,246.634
2022-09-06,92.92,480.83,458.92,426.36,421.46,477.45,310.51,547.98,502.97,449.43,238.847,455,344.248,503.31,410.46,158.98,485.3,239.231
2022-09-07,87.76,478.94,458.17,418.34,409.26,473.16,302.86,480,498.72,439.05,210.156,418.06,292.717,484.54,381.12,154.98,492.04,213.615
2022-09-08,88.61,459.13,438.51,408.96,396.71,461.46,296.06,538.52,468.64,417.58,216.435,434,325,464.76,372.82,151.36,472.59,216.359
2022-09-09,92.32,438.98,420.16,397.57,386.61,442.63,290.74,499.85,452.83,406,206.696,405,342.324,445.08,341.35,157.86,455.44,207.522
2022-09-12,94.25,429.53,414.24,380.39,374.59,413.03,271.88,521.34,436.56,390.06,191.072,377.07,329,441.28,322.39,157.64,426.73,192.048
2022-09-13,93.52,424.54,408.47,383.18,368.81,411.38,264.98,517.38,434.5,386,199.478,395.47,341,432.36,343.66,155.82,426.83,199.086
2022-09-14,94.59,429.95,415.14,393.96,376.38,420.8,258.76,520.1,439.34,431,217.098,436.6,376.148,442.18,378.93,157.75,436.1,218.105
2022-09-15,90.91,430.65,416.28,394.38,367.82,429.1,250.71,509,449.05,453.87,214.259,417.02,353.58,455.03,361.39,158.85,440.56,215.266
2022-09-16,91.74,402.84,389.77,376.17,359.18,418.46,244.01,460,432.77,382.56,187.492,370.88,222.041,424.62,305.49,152.76,413.28,188.499
2022-09-19,91.75,378.58,368.5,357.84,346.01,397.84,225.16,480.85,410.68,358,182.464,337.36,250.039,404.9,280.85,153.44,388.96,183.269
2022-09-20,90.98,379.58,368.95,359.17,338.65,399.04,220.04,435,406.89,352.5,193.598,376.65,278.38,397.91,306.7,149.71,389.85,194.392
2022-09-21,90.07,378.2,368.61,360.75,342.39,397.73,215.2,469.48,404.47,371,190.059,348,246.859,397.29,282.73,150.28,391.84,190.831
2022-09-22,90.3,377.87,370.21,362.38,344.89,397.58,215.2,464.12,403.4,375.53,187.967,364,245,397.83,303.94,148.32,393.57,188.109
2022-09-23,86.71,371.72,365.47,356.17,344.81,386.33,206.04,457.97,399.82,345.83,185.001,336.4,234.153,392.08,291.19,147.13,387.07,186.735
2022-09-26,83.94,372.29,369.02,363.3,339.65,385.11,189.68,435.77,402.6,326,173.017,326.88,185,393.93,280,140.97,390.24,175.176
2022-09-27,85.89,374.38,370.59,365.38,341.78,384.47,184.8,415.45,404.35,347.64,185.788,386.64,185,394.28,292.75,140.83,391.54,187.706
2022-09-28,89.14,376.76,373.68,365.98,343.86,384.18,181,422.97,405.4,376,206,366.46,185,396.39,322.87,141.15,392.02,206.6
2022-10-03,88.87,308.17,293.06,251.19,288.98,283.27,180.52,383.6,351.36,319.28,169.817,369.9,157.331,336.28,517.79,149.73,311.15,170.617
2022-10-04,91.78,289.65,274.02,229.69,255.45,264.5,178.58,380.53,315.47,313.01,161.783,382,164.286,314.85,496.95,148.39,289.2,163.083
2022-10-05,93.78,283.68,268.75,228.53,235.19,267.04,175.75,375.07,303.67,308.1,174.44,382.77,168.686,312.32,506.99,147.06,280.65,175.69
2022-10-06,94.85,286.68,272.02,249.87,239.75,286.32,173.9,369.69,334.69,302.61,174.853,384.19,210,339.73,514,147.48,287.59,175.953
2022-10-07,98.28,281.56,268.07,234.7,237.18,271.42,172.04,365.33,323.67,296.26,156.77,357.18,210.141,323.42,495.36,146.24,284.66,157.72
2022-10-10,96,256.54,245.37,210.7,226.68,242.91,164.96,356.47,273,282.81,153.732,353.23,196.575,270.9,483.12,146.9,255.74,154.982
2022-10-11,93.68,254.91,243.34,205.11,209.34,238.12,165.32,353.2,257.36,280.91,157.1,332,188.14,254.27,449.15,143.71,250.62,158.25
2022-10-12,92.29,253.59,242.71,208.84,207.15,241.34,163.97,350.04,251.27,278.35,160.081,346.99,185.458,251.75,451.09,141.5,249.99,161.281
2022-10-13,94.72,249.11,238.53,203.11,204.34,233.06,163.42,345.82,245.1,275.7,153.73,332.14,157,240.86,412.08,139.04,245.6,154.83
2022-10-14,91.6,235.29,225.78,192.01,193.93,218.88,162.08,339.37,232.21,269.84,142.35,319.58,136.5,228.18,373.1,135.38,232.06,143.15
2022-10-17,91.89,224.82,217.54,180.35,181.65,203.13,156.84,319.69,206.14,251.51,128.4,281.34,92.69,201.76,330.28,131.16,219.35,129.214
2022-10-18,90.66,216.53,209.01,173.59,174.1,190.62,155.15,315.75,199.7,245.33,113.186,259.95,42.297,193.4,275.1,125.24,208.43,114.186
2022-10-19,92.55,215.03,208.18,176.78,169.14,193.85,153.83,311.03,199.35,238.32,112.32,274.37,46.642,194,261.11,124.35,208.56,113.37
2022-10-20,92.73,212.92,206.43,177.93,169.38,195.16,152.45,304.39,199.78,232.25,126.828,293.86,120,193.69,283.79,123.96,206.72,127.878
2022-10-21,93.28,208.32,202.8,173.81,167.38,188.02,151.62,298.49,196.47,225.35,113.354,276.02,76.468,188.19,251.08,125.49,203.32,114.954
2022-10-24,93.56,208.66,205.32,166.5,159.59,174.4,145.83,281.14,184.36,201.05,98.46,243.68,47.5,179.88,227.34,125.13,194.71,100.265
2022-10-25,93.18,209.41,206.06,165.81,155.48,172.77,144.2,274.59,184.01,193.26,99.32,245.71,44.331,177.22,226.91,123.81,195.97,100.87
2022-10-26,96.02,208.74,206.03,167.42,154.97,173.38,142.86,267.18,184.38,186.23,104.2,238.59,46.839,177.72,225.26,124.26,196.04,106.05
2022-10-27,96.69,208.19,205.91,167.68,154.32,175.04,141.11,258.82,183.91,178.6,107.55,256.01,65,177.79,241.17,124.47,195.58,110
2022-11-01,94.75,237.27,229.11,220.52,204.95,244.43,152.71,236.88,256.82,216.64,115.91,286.21,122.809,309.41,302.14,138.72,257.19,117.66
2022-11-02,95.57,251.32,243.65,231.72,209.36,255.3,151.69,235.13,265.18,212.49,125.37,317,153.173,334.11,327.45,137.8,268.14,126.84
2022-11-03,94.55,254.61,246.8,233.99,223.75,257.25,150.94,233.57,271.38,210.96,125.513,294.17,167.09,359.37,331.1,142.53,270.86,127.013
2022-11-04,98.74,237.55,230.23,215.85,213.63,235.49,150.12,230.32,251.42,207.98,114.86,278.28,151.592,327.02,310.45,141.27,252.67,116.12
2022-11-07,97.9,207.63,201.03,181.06,173.13,203.27,146.66,224.68,204.46,194.2,109.517,261.23,136,216.37,293.11,134.93,220.42,110.777
2022-11-08,95,206.38,199.42,180.04,165.8,202.24,146.24,223.56,202.84,190.61,117.843,271.44,139.821,208.62,293.43,131.94,219.85,119.611
2022-11-09,92.35,209.39,202.77,180.82,165.25,202.35,146.19,224.24,207.82,187.54,113.253,247.05,117.705,203.07,270.86,131.75,222.49,114.428
2022-11-10,93.31,214.2,207.34,185.87,163.68,209.52,145.02,223.32,212.8,183.55,113.09,237.25,128.5,206.95,268.05,129.41,226.03,114.39
2022-11-11,95.82,197.5,191.07,167.86,153.91,190.33,145.28,221.43,196.91,181.09,97.924,211.03,110,183.76,250.13,125.77,208.12,99.324
2022-11-14,92.52,203.04,197.92,174.55,155.29,194.7,146.91,218.93,201.44,175.5,113,240.5,120.713,178.37,278.55,118.99,209.29,114.92
2022-11-15,93.78,209.47,204.1,180.22,158.5,203.9,147.46,220.04,217.79,173.18,123.6,255.39,142.1,192.04,292.21,117.63,216.9,124.755
2022-11-16,92.62,203.67,198.53,171.84,158.01,202.92,148.05,220.24,212.9,170.42,114.66,223.11,139.38,186.09,266.56,115.82,211.11,115.76
2022-11-17,90.04,203.72,197.98,172.76,157.24,202.98,149.03,219.63,211.64,169.92,112.491,233.5,139.555,183.57,275.33,114.71,212.33,113.646
2022-11-18,87.89,201.66,196.65,170.89,155.76,199.96,150.3,218.74,210.05,169.24,115,226.27,127.082,179.96,266.72,113.75,207.99,116.699
2022-11-21,87.79,208.41,204.08,183.17,161.75,203.08,154.09,216.1,209.71,168.47,115.841,250.1,111.192,182.49,270.47,109.64,214.17,116
2022-11-22,88.43,211.59,207.05,187.59,162.13,209.05,156.05,215.18,208.74,166.96,119.72,271.58,124.617,183.66,283.92,114.19,219.89,121.95
2022-11-23,84.67,215.25,211.2,193.08,166.19,213.39,159.07,216.96,214.84,167.16,129.3,280.96,130,190.12,303.84,116.38,225.36,130.25
2022-11-24,85.11,216.82,212.91,192.85,169.87,214.75,161.9,217.66,217.23,168.2,123.75,262.75,225,189.83,301.01,116.93,223.92,124.7
2022-11-25,83.82,218.64,215.49,192.64,170.78,212.61,164.49,217.97,216.25,168.63,124.59,273.92,211.1,187.35,306.07,117.4,223.05,125.54
2022-11-28,82.47,219.96,218.3,196.57,177.65,214.5,168.75,223.19,217.14,174.82,123.42,263.74,280,191.94,301.42,114.99,223.03,124.27
2022-12-01,86.98,311.86,288.75,311.51,313.02,325.34,197.08,331.67,364.4,326.77,139.594,361.4,366.191,407.85,542.17,125.07,329.4,140.538
2022-12-02,85.55,295.79,273.75,296.12,301.82,308.59,198.19,330.61,350.22,326.13,132.774,364.71,324,384.12,532.29,121.78,312.65,136.999
2022-12-05,83.02,300.6,281.21,297.66,303.6,311.22,197.85,331.65,354.31,330.25,134.109,352.71,328.874,385.62,515.53,128.39,317.9,135.081
2022-12-06,79.75,310.08,290.33,309.13,305.57,324.14,197.65,332.13,378.57,332.95,138.387,366,347.25,404.65,493.04,126.35,330.31,139.328
2022-12-07,77.46,320.01,300.27,321.35,312.73,333.76,198.25,332.38,392.55,335.88,148.5,400.9,371.602,424.83,506.98,124.61,340.07,149.794
2022-12-08,76.51,312.99,293.66,316.77,317.81,331.34,199.45,331.36,386.63,339.59,139.489,372.78,363.432,420.56,486.95,126.09,332.04,140.558
2022-12-09,76.77,318.92,301.09,320.54,323.63,334.57,200.6,329.94,379.27,340.92,139.059,384.5,360.594,414.33,450.95,128.94,336.34,140.087
2022-12-12,78.18,302.88,287.73,291.98,308.07,306.04,199.62,323.88,345.07,350.29,136.554,337.77,335,340.82,401.16,129.34,314.77,137.638
2022-12-13,80.43,307.2,291.46,284.51,296.26,297.95,200.16,326.12,342.74,354.32,137.474,332.38,340,339.81,357.16,127.58,317.5,138.374
2022-12-14,82.77,299.53,284.76,276.35,295.3,290.22,201.21,324.37,333.03,357.09,131.8,316.26,303.875,329.47,340.79,127.88,309.52,133.871
2022-12-15,81.44,297.47,283.15,279.62,297.63,293.69,201.98,322.13,332.59,359.89,134.576,326.65,324.753,326.41,341.51,127.09,310.93,135.629
2022-12-16,79.28,279.52,266.71,267.13,292.18,278.62,203.27,319.45,314.78,358.6,115.85,283.24,280,304.5,309.69,125.17,296.59,116.889
2022-12-19,80.19,273.96,264.78,271.22,287.28,284.76,200.43,308.26,314.65,347.85,109.067,263.21,237.254,298.49,292.36,117.08,291.95,109.84
2022-12-20,79.72,269.72,260.57,268.12,279.81,283.44,200.22,306.04,311.25,344.48,106.041,269.82,229.874,295.85,287.98,115.48,289.78,106.41
2022-12-21,82.25,264.19,255.81,268.02,278.97,283.75,199.75,303.97,307.48,340.42,97.859,244.55,200.87,291.89,265.38,109.51,283.38,98.513
2022-12-22,81.66,260.24,252.42,263.54,276.44,278.65,199.09,301.06,303.42,335.72,91.71,222.85,187.412,286.56,252.61,106.51,278.53,92.79
2022-12-23,83.95,255.16,248.35,258.03,270.78,269.6,197.31,298.52,301.82,328.96,82.835,212.13,173.34,283.18,237.68,105.6,274.19,83.698
2022-12-27,84.85,252.35,248.81,253.82,262.98,261.83,184.52,284.33,287.22,298.75,80.306,214,212.447,275.4,237.69,101.27,265.35,81.267
2022-12-28,83.11,251.67,249.01,252.06,261.71,261.43,181.24,281.69,283.09,289.4,81.274,204.02,155.67,272.29,217.26,98.96,261.89,82.224
2023-01-02,85.91,176.96,166.06,160.64,170.16,169.98,157.63,209.86,173.25,198.88,76.608,198.56,232.77,171.13,247.39,117.32,184.96,76.99
2023-01-03,82.34,168.38,157.3,152.07,152.78,164.93,156.61,210.29,167.23,194.96,72.6,182.11,167,164.5,185.54,110.63,176.65,73.15
2023-01-04,78.14,152.42,141.51,136.6,142.6,146.86,154.92,210.59,154.61,192.06,65.072,161.87,144.788,145.23,168.49,112.05,161.03,65.522
2023-01-05,78.84,155.4,144.7,140.65,140.55,152.83,152.91,210.65,154.54,189.29,72.249,170.91,155,146.4,179.65,107.25,163.91,72.749
2023-01-06,78.51,151.13,140.57,135.14,136.6,150.11,151.64,211.67,153.9,185.27,69.5,168.44,163.5,139.38,181.29,106.31,159.36,70.053
2023-01-09,79.83,146.9,137.79,132.02,133.55,144.51,149.28,209.84,154.7,175.33,74.1,172.2,171,132.26,186.75,105.69,153.55,74.61
2023-01-10,79.64,147.87,139.65,129.37,128.87,144.81,148.41,210.91,155.98,171.33,69.807,160,164.626,129.05,174.46,96.57,155.15,70.607
2023-01-11,82.94,147.14,139.4,130.55,126.43,150.02,147.01,211.2,156.43,167.12,65.19,157.59,153.683,128.9,162.07,92.49,153.8,65.84
2023-01-12,83.85,150.59,143.18,138.58,127.64,162.17,145.67,211.42,159.04,162.86,66.687,164,164,131.81,168.02,87.27,156.95,67.473
2023-01-13,85.43,151.21,144.46,138.6,129.83,162.43,143.39,212.34,159.5,157.92,64.9,158.72,161,132.96,162.35,85.89,154.88,65.58
2023-01-16,84.06,143.46,138.06,134.43,129.35,153.71,138.4,209.91,157.87,149.16,55.2,141.01,138.075,130.93,142.55,77.74,148.31,56.015
2023-01-17,86.66,144.79,139.32,134.72,126.98,154.76,137.95,206.09,159.96,147.23,59.945,149.71,141.023,136.86,154.2,77.84,149.44,60.545
2023-01-18,84.59,140.28,135.31,134.26,126.24,153.32,138.17,201.37,158.27,146.49,61.845,151.82,156.44,134.3,160.59,75.29,149.18,62.52
2023-01-19,86.39,137.12,132.43,133.2,126.73,151.38,138.61,198.86,157.72,145.66,60.811,146.52,152.918,133.31,156.55,73.74,147.58,61.561
2023-01-20,87.59,136.17,132.18,132.8,126.46,150.6,136.97,196.42,157.84,143.87,66.832,152.03,170,133.04,163.88,72.14,145.91,67.632
2023-01-23,88.06,135.5,132.99,133.47,127.42,148.5,137.61,194.5,158.69,142.3,66.1,137.27,171.607,132.82,157.33,70.62,148.03,67
2023-01-24,86.35,135.55,132.91,132.46,127.25,145.77,138.08,193.92,157.96,141.51,58.2,131.25,154.25,132.21,142.73,69.03,147.3,59.147
2023-01-25,86.18,134.81,132.65,130.96,125.22,142.41,138.35,193.1,157.53,140.3,56.614,128.2,152.75,130.84,136.62,67.64,145.56,57.389
2023-01-26,87.72,134.09,132.22,130.94,125.48,142.46,138.53,193.29,157.3,139.1,54.1,126.68,139,131.51,136.35,67.75,144.29,55.666
2023-01-27,86.37,133.81,132.68,130.75,124.25,141.77,138,192.57,157.14,137.1,55.5,131,139.9,131.15,141.69,69.16,144.14,56.12
2023-01-31,84.49,155.15,148.66,150.84,138.43,161.33,129.78,169,167.8,146.15,57.325,145.49,150.97,161.96,131.89,123.15,165.99,58
2023-02-01,83.05,162.77,156.56,152.29,144.06,169.2,128.72,168.87,166.27,146.28,59.53,139.05,152.592,161.27,152.37,117.87,172.21,60.19
2023-02-02,82.15,152.61,146.46,148.34,140.57,166.78,129,168.8,165.38,146.18,56.958,133.44,146.062,157.27,143.38,116.08,159,57.608
2023-02-03,79.84,155.24,149.62,149.65,142.69,169.22,129.07,168.28,164.41,146.4,57.938,141.94,150.012,157.5,152.37,115.43,160.88,58.596
2023-02-06,81.37,150.98,146.06,139.97,137.93,155.17,132.44,166.98,159.23,147.83,58.011,138.24,148,150.84,148.06,121.23,156.07,58.761
2023-02-07,84.07,149.04,143.66,137.21,134.4,150.33,133.71,166.59,157.73,148.4,55.499,132.03,145.302,146.85,142.22,122.13,153.41,56.224
2023-02-08,85.11,149.08,143.99,138.92,136.52,151.75,134.11,166.24,156.39,148.63,53.637,130.03,136.662,147.43,139.95,123.03,153.14,54.074
2023-02-09,84.08,148.69,143.64,140.48,136.51,153.93,134.21,166.19,156.44,148.75,52.804,131.24,133.687,148.97,138.22,124.49,153.66,53.454
2023-02-10,86.46,148.9,144.48,142.51,136.96,155.64,133.65,166.3,157.57,148.96,53.741,136.18,135.6,151.14,140.52,127.2,155.39,54.416
2023-02-13,85.81,148.15,144.76,139.2,136.37,148.93,135.68,165.66,155.18,149.72,52.025,131.84,129.334,147.85,135.84,130.09,151.88,52.725
2023-02-14,85.26,148.7,145.62,139.03,135.32,148.49,136.91,165.59,155.84,149.72,52.4,132.26,131.962,148.99,137.64,128.26,151.89,53.03
2023-02-15,85.23,149.47,146.65,138.61,136.19,145.73,137.56,165.69,157.06,149.61,54.666,133.8,136.676,150.79,142.95,127.66,154.28,55.216
2023-02-16,84.61,151.8,148.88,143.42,135.67,150.79,137.79,165.64,156.78,148.75,52.03,130.08,131.206,149.39,138.12,129.6,155.05,52.818
2023-02-17,83.09,149.29,146.92,141.49,134.99,149.36,136.63,164.39,155.55,147.34,49.1,125.67,126.636,147.63,132.85,130.13,153.03,49.675
2023-02-20,83.79,146.52,145.12,139.88,134.78,149.08,134.03,161.8,154.19,145.11,49.924,129.21,125.336,147.64,135.87,132.57,149.51,50.474
2023-02-21,82.76,146.65,144.88,140.04,134.56,147.67,134.87,161.42,153.45,145.17,48.658,128.18,122.471,147.32,133.68,133.18,149.22,49.258
2023-02-22,80.45,146.41,144.98,139.64,134.83,146.68,135.55,161.2,153.8,145.23,50.569,129.12,125.471,148.78,135.8,132.85,147.84,51.069
2023-02-23,82.47,145.87,144.54,139.42,133.93,145.9,136.1,161.08,153.74,145.1,50.852,129.93,129,149.16,137.4,133.57,147.2,51.277
2023-02-24,83.21,143.96,143.18,139.45,134.69,146.06,135.65,160.42,154.26,144.32,51.05,130.78,131.282,149.45,138.95,134.05,146.72,51.55
2023-03-01,84.45,130.24,129.3,125.17,121.5,132.68,139.87,147.49,140.71,134.46,47.02,117.71,121.776,135.91,127.44,111.77,134.11,47.926
2023-03-02,84.35,128.6,127.53,124.19,120.73,132.42,139.82,147.82,139.81,134.88,46.775,114.39,122.5,135.57,125.58,105.85,132.5,47.413
2023-03-03,85.98,124.52,123.8,119.96,120.02,127.67,138.72,147.6,136.89,134.9,45.03,109.72,118,131.35,121.11,105.69,128.28,45.721
2023-03-06,86.25,121.47,121.19,114.52,114.69,125.24,137.91,146.76,130.08,135.67,42.14,109.66,108.169,124.66,115.17,109.67,125.09,42.838
2023-03-07,83.06,121.45,120.78,114.89,114.04,124.93,137.91,146.1,128.9,135.86,43.27,108.39,109.259,124.27,117.3,111.14,124.43,43.962
2023-03-08,82.52,119.56,118.91,114.34,113.42,123.78,137.94,145.08,128.79,135.64,42.3,104.43,106.5,124.76,116.49,110.86,123.8,43
2023-03-09,81.52,118.82,118.1,115.95,112.94,123.75,137.88,143.91,128.25,135.18,43.385,116.72,110,124.79,121.34,105.76,123.23,44.157
2023-03-10,82.72,122.12,121.78,120.36,113.75,127.22,136.94,142.62,131.03,134.8,52.671,128.4,128,129.24,134.55,105.21,127.56,53.047
2023-03-13,80.73,115.93,115.94,116.08,113.28,122.62,133.26,138,131.55,128.88,49.861,117.82,124,122.63,129.54,101.84,123.88,50.873
2023-03-14,77.56,114.34,113.95,112.94,111.63,119.58,132.83,137.52,129.59,129.19,44.25,108.97,110.671,117.58,118.34,101.91,120.95,44.863
2023-03-15,74.35,111.48,111.14,110.42,107.91,116.87,132.52,136.55,127.06,128.35,42.956,104,105,115.13,112.97,95.99,117.84,43.522
2023-03-16,74.7,110.44,110.02,111.33,109.26,116.6,131.36,135.24,125.94,127.42,44.359,107.09,103,116.46,113.98,95.42,116.58,44.949
2023-03-17,72.68,109.84,109.65,109.56,107.41,115.12,130.42,134.19,125.1,126.66,43.026,101.64,101.078,114.07,109.46,96.45,115.77,43.596
2023-03-20,73.83,111.1,111.18,106.56,106.13,111.09,129.26,132.99,123.82,125.12,39.58,95.05,90.387,111.79,103.58,97.91,115.41,40.065
2023-03-21,75.08,113.2,113.01,108.36,105.66,113.68,128.58,132.45,123.86,123.71,42.45,100.31,96.611,112.81,107,97.35,116.38,43.081
2023-03-22,75.84,113.55,113.42,109.54,105.01,114.32,127.67,131.94,124.03,121.96,40.079,98.67,94.986,113.29,105.08,96.27,116.18,40.893
2023-03-23,75.45,112.76,112.55,110.7,104.65,115.63,126.65,131,125.16,119.45,43.16,105.84,103,114.06,110.79,94.21,114.9,43.75
2023-03-24,74.99,108.89,108.85,109.82,104.47,113.32,125.63,130.4,124.33,115.76,41.37,100.71,102.728,111.96,106.65,93.26,112.99,41.77
2023-03-27,78.14,106.97,107.27,109.27,104.46,111.94,121.76,125.34,124.98,113.44,42.471,102.62,103,111.77,108.86,94.7,112.15,43.067
2023-03-28,78.96,107.86,107.85,109.92,104.73,112.59,121.31,124.34,124.67,112.86,42.925,106.8,101.05,112.18,110.51,93.27,113.52,43.509
2023-03-29,78.16,108.24,108.3,110.64,104.74,113.08,120.75,123.71,124.49,111.18,42.902,104.28,101.05,112.37,110.8,90.25,113.5,43.513
2023-04-03,84.76,115.03,114.71,115.36,109.03,122.19,116.74,119.23,121.01,106.9,51.187,119.63,125.452,116.8,124.22,78.42,121.27,51.887
2023-04-04,85.35,111.51,110.76,112.94,112.67,118.26,117.61,119.28,120.23,106.9,46.77,112.57,114.95,114.49,115.43,79.17,117.3,47.714
2023-04-05,84.78,110.2,109.48,109.4,110.45,115.76,118.16,119.54,118.14,107.67,44.714,112.18,106.72,112.25,109.25,79.55,114.89,45.166
2023-04-06,84.68,106.98,106.14,105.14,107.11,109.76,118.72,119.78,115.66,108.39,43.158,107.25,102.75,107.86,106.29,81.39,111.72,43.872
2023-04-11,85.5,106.07,105.4,108.8,103.89,110.65,119.82,120.69,117.48,105.75,43.76,108.2,100.934,109.32,107.09,75.61,111.21,44.252
2023-04-12,87.2,105.82,105.19,108.12,102.08,109.35,120.82,121.12,117.81,105.89,42.9,107.3,101.55,108.99,105.18,76.2,110.53,43.658
2023-04-13,86.22,105.46,104.72,106.47,100.61,107.34,121.41,120.69,117.4,106.67,42.1,104.75,99.4,107.59,103.33,74.99,110.22,42.9
2023-04-14,86.63,104.16,103.65,106.36,100.41,107.34,121.56,120.88,116.72,106.63,41.15,104.15,99.25,106.96,101.56,73.5,108.73,41.976
2023-04-17,84.87,103.03,103.35,104.77,99.96,106.33,122.72,122.09,116.5,107.44,41.16,102.27,99.75,106.6,102.2,71.3,106.82,42.081
2023-04-18,84.79,104.63,104.83,105.82,98.02,106.51,123.07,122.55,116.68,106.64,42.762,105.09,101,106.91,103.74,74.5,108.7,43.262
2023-04-19,82.85,103.89,104.16,104.81,98.61,105.5,123.5,122.57,117.26,106.84,40.2,100.79,96.765,105.87,100.13,75.51,108.31,41.304
2023-04-20,80.87,103.47,103.72,106.47,99.79,106.24,123.75,122.74,117.56,107.11,40.56,101.89,94.255,107.13,99.16,75.6,108.04,41.484
2023-04-21,81.88,102.6,103.32,106.01,99.75,106.08,123.72,122.59,117.78,106.76,40.06,100.55,95.75,106.79,98.71,75.7,107.8,40.879
2023-04-24,82.6,100.41,101.37,107.02,100.28,105.8,123.32,120.7,116.94,106.34,39.9,98.92,96.5,107.52,97.98,73.79,109.23,40.695
2023-04-25,80.82,100.53,101.08,106.69,100.41,104.39,123.17,120.68,116.98,106.83,39.82,97.23,95.5,107.16,97.8,73.83,108.64,40.66
2023-04-26,77.79,99.12,99.71,106.05,99.67,104.12,123.25,119.94,116.24,106.85,38.48,94.49,91,106.13,94.91,73.28,107.53,39.18
2023-05-02,75.28,97.72,98.41,94.18,89.27,96.15,116.42,120.4,98.94,94.65,37.65,96.04,85.3,90.49,91.26,87.41,98.52,38.48
2023-05-03,71.96,95.91,96.6,92.72,89.01,94.02,116.34,120.6,95.8,94.57,36.75,94.2,83.25,88.75,89.16,84.3,97.36,37.516
2023-05-04,72.54,94.14,94.68,91.32,88.27,92.71,115.86,120.13,94.31,94.71,35.69,91.59,81,86.68,87.36,84.45,95.73,36.465
2023-05-05,75.41,95.3,96.03,91.94,88.73,92.77,115.23,119.38,94.44,94.55,36.616,92.63,82.92,88.17,88.99,82.83,96.91,37.235
2023-05-08,76.62,95.94,96.81,93,89.49,92.79,112.98,119.53,94.01,94.74,36.866,95.33,82.92,90.46,89.07,83.02,97.61,37.616
2023-05-09,77.31,95.74,96.21,92.97,89.86,92.32,112.01,119.64,93.73,95.03,36.034,94.19,82.838,90.64,89.08,81.23,97.08,37
2023-05-10,76.58,94.82,95.28,92.59,89.61,90.96,111.57,119.41,93.51,95.59,35.018,92.94,80.45,90.29,88.52,81.9,95.59,35.899
2023-05-11,75.44,95.09,95.44,93.53,91.62,92.33,110.84,119.17,93.36,95.76,34.95,94.69,81,89.83,88.96,78.34,96.17,35.71
2023-05-12,74.2,94.28,94.82,93.25,91.09,91.41,110.08,119.1,92.83,95.27,32.864,91.62,77.8,88.21,85.18,77.54,95.61,33.589
2023-05-15,75.55,94.09,94.81,90.88,88.45,89.04,109.21,118.58,92.57,94.01,32.41,91.19,73.141,84.07,84.38,74.05,94.42,33.01
2023-05-16,74.8,93.22,93.56,90.46,87.53,88.01,109.25,118.49,91.71,93.67,31.827,89.83,73.834,83.25,83.93,73.58,93.02,32.527
2023-05-17,76.78,94.47,94.83,89.97,87.39,87.49,109.46,118.19,90.89,93.3,31.93,89.51,73.125,83.04,84.26,73.76,94.95,32.6
2023-05-18,75.97,92,92.21,88.69,86.91,86.31,109.95,117.95,90.16,92.91,29.8,88.27,67.5,82.62,82.28,73.95,92.13,30.57
2023-05-19,75.76,90.14,90.54,88.44,85.02,85.86,109.84,116.38,89.52,91.41,30.05,89.73,66,81.54,81.54,72.86,90.9,30.82
2023-05-22,75.96,89.13,89.7,86.42,81.86,84.46,108.31,113.17,88.75,88.63,29.78,85.77,62.831,79.19,80.01,72.22,90.14,30.505
2023-05-23,77.74,89.29,89.49,84.92,79.69,82.64,108.92,112.96,88.16,88.45,29.18,84.24,65.5,77.91,78.87,72.05,87.49,29.95
2023-05-24,78.34,88.64,88.81,84.8,79.59,82.39,109.28,112.34,87.78,87.83,27.8,82.78,64.517,77.81,76.16,73,87.14,28.5
2023-05-25,76.18,87.45,87.48,84,78.64,81.56,108.98,111.5,87.43,86.93,25.415,79.23,58,77.38,71.79,72.76,86.23,26.185
2023-05-26,77.13,87.23,86.95,84.14,78.24,81.55,108.23,109.79,86.61,85.83,24.362,77.9,56.875,77,70.53,73.4,86.31,25.122
2023-05-29,77.03,86.29,86.79,85.13,78.47,82.14,105.84,106.22,86.02,81.16,24.573,76.02,57.199,77.91,70.48,74.33,87.94,25.333
2023-05-31,72.65,78.26,79.42,78.29,69.51,78.49,104.33,93.83,76.7,72.84,26.868,74.16,64.903,72.66,65.4,79.53,82.38,27.511
2023-06-01,74.3,74.69,75.73,74.54,68.54,75.73,103.33,92.74,73.89,72.89,23.161,74.93,56.847,70.33,69.2,78.69,78.03,23.886
2023-06-02,76.24,74.37,75.6,75.23,67.87,75.92,102.53,91.73,72.74,72.25,23.654,74.68,56.8,69.06,70.05,78.69,77.77,24.279
2023-06-05,76.58,80.87,82.27,83.1,74.52,85.19,101.7,91.11,78.62,72.21,28.44,90.87,65.568,75.85,80.18,81.33,85.7,29.09
2023-06-06,76.17,79.66,80.72,80.42,73.92,82.41,101.96,91.08,77.25,72.76,24.966,84.71,62.75,74.19,75.75,82.21,83,25.608
2023-06-07,76.75,80.24,81.29,81.1,74.32,83.87,101.43,90.74,77.61,73.08,26.356,88.43,63.077,76,78.38,80.57,82.91,27.065
2023-06-08,75.51,81.25,82.2,81.52,74.82,84.76,101.18,90.54,78.09,73.53,27.001,86.42,63.78,76.62,79.97,80.73,83.56,27.671
2023-06-09,74.98,86.35,87.5,87.15,76.98,91.39,100.18,89.83,81.53,73.36,32.26,98.5,76,84.36,90.13,82.59,89.07,32.88
2023-06-12,72.09,86.43,87.54,89.69,81.99,93.61,99.36,89.11,86.41,74.36,31.155,96.93,76.032,84.99,88.34,83.56,90.89,31.805
2023-06-13,74.15,89.53,90.29,93.42,83.75,96.36,99.8,89.29,88.27,75.28,36.135,109.25,83.104,88.22,99.59,86.6,94.76,36.797
2023-06-14,73.54,92.34,92.96,96.6,87.5,100.04,100.62,89.55,92.02,76.67,38.319,112.97,95,93.22,105.43,91.79,97.5,38.949
2023-06-15,75.59,93.4,93.78,97.6,92.46,100.95,101.81,90.01,93.76,78.5,40.949,114.16,111,94.5,110.55,98.16,98.47,40.7
2023-06-16,76.32,91.4,91.89,94.36,91.52,98.02,102.72,90.36,92.5,79.54,35.079,101.11,90.885,91.12,97.83,94.57,96,35.697
2023-06-19,76.11,87.07,87.59,94.86,91.7,98.28,106.1,88.61,92.59,83.15,34.881,106.87,86.501,91.53,97.75,94.07,96.02,35.461
2023-06-20,75.51,88.62,88.76,95.44,92.77,100.19,107.96,88.98,94.21,84.87,38.869,112.51,96.722,94.32,104.65,94.56,98.18,39.47
2023-06-21,76.95,85.59,85.64,95.11,92.02,97.52,110.13,88.59,93.66,86.62,36.769,108.05,93.75,91.93,101.46,94.23,96.38,37.294
2023-06-22,74.18,84.66,84.54,93.4,90.43,95.09,111.51,88.9,92.1,87.75,34.213,102.21,89,90.6,94.83,93.36,95.5,34.733
2023-06-23,74.31,83.58,83.66,92.8,89.88,94.21,112.49,89,91.22,87.96,32.541,96.41,80.214,89.02,90.46,90.9,94.92,33.02
2023-06-26,74.4,83.37,83.63,95.34,91.57,94.37,115.32,89.47,92.15,89.61,31.983,95.61,81,91.01,88.05,92.6,96.4,32.555
2023-06-27,72.5,83.8,83.67,95.39,91.97,94.14,116.09,90.08,92.18,90.82,34.403,97.71,81,91.1,90.1,92.87,96.39,34.855
2023-06-28,73.57,84.51,84.37,95.53,92.07,94.28,116.87,90.93,92.21,92.16,34.022,96.43,81,91.23,89.06,92.89,96.47,34.344
2023-06-30,74.91,101.82,98.85,98.85,89.49,99.57,118.08,109.37,95.16,90.8,37.15,98.58,89.934,95.08,87.98,104.69,106.21,37.675
2023-07-03,74.96,97.78,95.22,95.08,84.98,137.67,114.65,108.2,91.44,85.68,34.06,99.59,87.684,89,90.25,98.37,103.91,34.585
2023-07-04,76.11,99.53,96.72,95.72,83.74,92.92,115.11,108.2,91.78,85.22,35.389,99.49,85.423,89.59,89.99,99.46,104.9,35.864
2023-07-05,76.55,97.46,94.78,93.84,82.76,91.52,115.58,108.21,91.78,85.66,34.47,95.27,85.888,87.85,88.3,99.75,102.04,34.92
2023-07-06,76.49,95.65,94.39,91.66,80.05,88.71,115.77,108.13,90.34,85.84,32.37,92.63,81.966,84.69,83.99,98.43,98.92,32.82
2023-07-07,78.26,95.06,94.09,91.42,77.55,87.74,115.15,107.92,88.36,85.55,33.434,92.56,82.886,84.99,84.93,97.72,99.05,33.884
2023-07-10,77.88,94.45,93.79,90.14,76.26,85.26,115.17,108.35,86.84,86.35,30.236,88.51,71.237,82.98,80.3,97.77,96.84,30.686
2023-07-11,79.35,94.44,93.44,89.77,73.23,86.93,115.9,108.81,85.87,85.96,29.09,86.63,70.5,81.74,77.45,95.02,96.54,29.54
2023-07-12,80.2,93.61,92.66,89.07,71.49,87.08,116.62,108.96,84.59,86.04,26.65,82.22,67.566,78.73,73.78,92.66,94.92,27.1
2023-07-13,81.55,92.9,91.88,87.29,69.88,87.61,116.9,109.24,83.15,85.8,26.607,82.48,62.113,77.44,74.21,90.21,93.97,27.057
2023-07-14,79.63,90.64,89.87,86.98,70.31,86.54,116.44,109.17,82.93,83.86,25.982,81.02,62.432,77.29,73.62,89.75,92.32,26.402
2023-07-17,78.51,90.65,90.14,87.11,71.62,88.46,115.32,109.39,81.94,80.85,25.15,80.1,57.763,75.57,71.69,89.94,93.94,25.6
2023-07-18,79.79,92.05,91.23,86.56,70.39,87.06,115.99,109.97,81.15,80.84,26.96,84.26,65,74.43,73.01,88.56,93.88,27.41
2023-07-19,79.55,93.01,92.24,85.78,69.3,85.93,116.42,110.81,80.76,80.96,26.96,81.88,65.342,74.62,73.16,88.55,93.7,27.41
2023-07-20,79.63,94.98,94.15,85.37,68.97,85.38,117,111.78,80.3,80.99,27.946,85.18,65.655,74.43,75.4,88.72,95.03,28.76
2023-07-21,80.71,96.14,95.47,86.19,69.63,85.68,116.19,112.19,80.79,80.47,28.33,83.11,70,75.48,74.26,89.67,96.04,28.805
2023-07-24,82.81,96.86,96.56,87.59,71.35,87.6,116.31,113.24,82.61,78.48,30.4,87.08,71.698,77,78.64,89.37,95.06,30.875
2023-07-25,83.35,97.46,96.8,87.85,72.36,86.89,116.64,113.48,83,78.63,32.75,89.49,74.097,77.87,81.4,90.47,95.58,33.185
2023-07-26,83,97.21,96.61,87.2,72.69,85.27,116.93,113.7,82.8,78.6,29.5,83.86,70.847,77.31,75.9,90.45,94.75,29.95
2023-07-27,83.86,97.36,96.79,86.97,71.77,85.4,117.2,113.9,82.56,78.69,28.447,80.03,71.5,77.04,72.62,90.14,94.67,28.872
2023-08-01,85.77,81.68,86.82,79.65,75.85,79.61,112.6,98.67,78.14,69.59,27.23,84.33,67.3,71.62,73.92,79.7,85.78,27.73
2023-08-02,83.35,81.92,86.18,79.67,74.25,79.32,110.99,99.49,75.41,68.83,28.6,84.62,67.75,71.18,75,77.65,85.19,29.05
2023-08-03,85.25,85.67,89.67,82.92,76.34,82.43,110.97,100.28,77.59,69.56,30.5,89.65,74.075,75.42,78.44,79.39,88.11,30.975
2023-08-04,86.06,85.02,89.05,81.87,77.86,81.81,110.65,100.36,78.64,69.88,28.869,87.55,70.419,75.4,76.16,78.8,87.15,29.344
2023-08-07,85.89,83.48,87.96,80.28,77.29,79.06,105.64,99.45,80.48,68.72,30.35,87.95,71.743,74.96,78.93,80.02,87.44,30.8
2023-08-08,86.09,84.41,88.41,82.1,77.76,81.18,105.38,99.3,82.64,69.26,31.35,88.84,73.594,77.11,78.49,80.95,88.46,31.8
2023-08-09,87.42,88.85,92.73,87.77,80.35,88.13,105.52,99.27,86.29,69.81,39.823,101.31,96.407,82.74,93.24,88.32,92.3,40.18
2023-08-10,86.52,86.63,90.23,84.44,81.76,86.49,105.53,98.67,87.65,70.55,37.11,96.8,88.5,81.9,89.42,88.89,89.06,37.585
2023-08-11,86.58,84.75,88.32,82.93,81.06,85.12,104.68,97.43,87.32,70.88,35.374,96.76,88.75,81.67,87.63,89.44,86.41,35.824
2023-08-14,86.16,80.9,84.07,80.69,80.78,84.81,101.93,95.62,83.79,71.99,34.277,95.64,80.125,80.36,84.69,87.49,82.08,34.727
2023-08-15,85.03,83.46,86.14,84.61,82.79,85.37,101.99,95.3,85.69,73.12,38.852,100.44,87.461,84.06,92.87,90.78,85.84,39.302
2023-08-16,83.32,84.2,86.72,84.69,82.86,84.85,102.12,95.45,86.91,74.19,37.69,97.79,87.357,83.28,90.71,91.69,86.78,38.09
2023-08-17,83.76,84.38,86.6,84.32,83.35,84.39,102.2,95.75,87.27,75.14,36.85,96.56,86.598,82.93,89.38,93.07,86.55,37.2
2023-08-18,84.83,85.25,87.49,84.49,82.92,84.42,101.94,95.53,87.34,75.3,36.309,96.21,85,81.78,88.16,93.21,87.34,36.704
2023-08-21,84.5,88.5,90.46,89.47,86.4,89.24,102.52,96.66,90.2,79.21,40.753,102.97,90.256,87.9,94.56,95.45,92.27,41
2023-08-22,83.87,91.97,93.44,93.07,90.73,93.06,103.38,98.46,95.26,81.71,42.781,111.93,105.373,91.88,101.13,97.38,96.27,43.196
2023-08-23,82.92,93.85,95.15,93.52,91.92,93.86,104.47,100.6,94.69,84.13,37.28,102.71,102.36,91.29,90.38,97.25,97.68,37.94
2023-08-24,83.13,95.54,96.27,91.75,91.23,93.04,105.25,102.69,94.15,85.5,31.902,92.59,83,89.32,81.82,95.31,97.74,32.3
2023-08-25,84.79,96.76,97.56,92.19,90.76,93.76,105.28,103.54,94.14,86.4,34.837,96.16,83.874,90.2,86.61,95.98,99.29,35.312
2023-08-28,84.35,100.4,100.86,92.43,90.82,94.16,106.46,107.47,94.86,89.64,38.25,104.61,84.499,90.79,87.55,95.87,99.99,38.625
2023-08-29,85.5,101.21,101.07,92.42,91.24,92.96,106.87,108.24,94.6,90.88,35.37,98.9,99.765,90.84,87.64,96.02,100.1,35.945
2023-09-01,88.89,102.82,102.35,99.84,97.83,99.79,117.78,116.64,97.36,97.31,35.41,97.42,79.75,91.57,86.69,96.59,103.89,35.86
2023-09-04,89,99.65,99.32,96.44,96.47,98.33,116.7,114.47,94.74,96.23,33.606,92.22,81.314,87.83,81.75,96.95,100.53,33.8
2023-09-05,89.98,100.16,99.43,97.25,94.44,98.16,116.34,114.1,94.41,93.57,34.458,92.28,79.476,87.98,82,96.78,100.76,34.9
2023-09-06,90.64,96.94,96.22,93.91,92.32,94.66,115.84,113.49,93.04,87,31.15,85.93,74,86.33,79.95,95.05,97.81,31.62
2023-09-07,89.76,97.17,96.35,94.96,92.12,94.93,115.54,112.82,93.34,90.2,32.755,89.76,74.876,86.24,78,94.69,98.53,33.18
2023-09-08,90.43,97.55,97.02,96.02,93.78,95.35,115.2,111.96,94.54,95.15,34.552,89.5,84.986,87.78,82.5,96.62,98.85,35.037
2023-09-11,90.67,100.16,98.84,98.65,96.66,97.52,114.86,110.13,95.41,95.7,36.061,92.99,89.991,88.45,86.22,101.79,101.94,36.486
2023-09-12,91.89,100.34,98.61,96.94,95.64,94.55,114.8,110,94.5,92.5,34.794,91.9,86.125,87.09,83.69,98.8,101.65,35.235
2023-09-13,92.19,98.68,96.99,94.82,92.93,92.6,114.9,109.99,92.98,97.73,36.742,96.29,88.062,85.95,87,98.96,99.52,37.211
2023-09-14,94.13,100.01,98.23,94.47,92.44,95.85,114.86,109.94,92.57,94.05,35.62,91.49,87.1,84.15,84.5,99.02,100.75,36.061
2023-09-15,94.27,98.62,97.09,93.46,90.88,94.55,114.15,109.18,91.55,91.6,36.338,91.71,87.898,82.39,85.57,98.95,99.56,36.752
2023-09-18,94.54,99.61,98.08,96.66,91.86,96.87,112.53,106,94.07,91.05,34.516,89.89,87.655,84.06,81.74,98.87,99.59,34.933
2023-09-19,94.58,100.98,99.16,99.7,95.05,100.87,112.34,105.76,96.35,93.7,36.715,96.19,86.688,85.56,84.71,97.65,101.99,37.244
2023-09-20,93.18,100.94,99.16,100.08,95.76,100.07,111.75,105.29,96.66,94.45,37.262,95.16,92.11,86.66,86.33,98.85,102.31,37.714
2023-09-21,93.26,102.63,100.8,101.6,96.6,101.29,111.35,105,97.42,97.43,39.099,98.12,96.465,87.36,88.36,101.1,103.42,39.514
2023-09-22,93.68,104.3,102.73,103.23,98.43,103.32,111.13,104.57,98.42,102.7,39.873,102.8,99.957,89.05,91.78,102.77,105.02,40.28
2023-09-25,93.36,103.93,102.55,102.33,98.24,101,111.05,103.3,97.96,105.46,44.585,103.91,102.976,89.06,96.86,103.57,104.49,45
2023-09-26,94.09,103.94,102.17,102.04,98.87,100.99,111.11,103.06,97.37,98.18,40.25,98.55,103,88.93,87.87,103.5,104.12,40.425
2023-09-27,96.55,103.71,101.99,102.32,99.15,101.1,110.8,102.92,97.35,94.33,39.242,96.34,101.875,88.77,87.41,103.53,104.42,39.36
2023-10-02,90.5,94.2,93.95,89.61,92.07,90.91,103.23,106.19,96.49,91.19,39.27,101.06,86,84.59,91.8,99.4,96.99,39.62
2023-10-03,91.01,88.91,88.33,82.21,89.2,83.35,101.86,105.99,90.69,90.48,36.964,97.89,75.937,77.62,88.71,95,89.57,37.3
2023-10-04,85.97,92.36,91.83,87.25,86.99,84.1,101.34,106.17,91.19,90.58,38.37,97.58,79.593,81.7,90.64,96.69,94.1,38.561
2023-10-05,84.37,91.43,90.8,83.91,84.06,85.42,101.05,106.39,89.57,90.12,36.3,95.34,72.5,79.72,87.06,94,92.93,36.625
2023-10-06,84.43,94.93,94.52,84.27,82.35,91.07,98.8,105.31,89.75,88.75,38.324,97.88,77,79.95,90.51,94.47,97.59,38.749
2023-10-09,88.2,106.13,105.96,96.46,88.16,105.21,99.44,106.24,98.9,89.78,43.8,107.65,98.5,91.02,101.39,105.46,107.76,44.2
2023-10-10,87.72,111.62,110.97,101.51,95.01,111.62,98.71,106.62,108.35,89.2,49.214,120.44,116,96.6,114.55,111.03,114.31,49.534
2023-10-11,85.5,110.12,109.46,97.74,95.59,110.19,99.04,106.99,109.29,90.27,46.101,114.83,112.985,92.88,108.74,107.95,110.88,46.431
2023-10-12,86.25,115.03,114.3,99.42,95.31,118.6,98.79,107.89,111.44,89.48,52.867,125.5,127.4,95.42,119.77,110.31,116.55,53.195
2023-10-13,90.89,114.59,114.05,99,94.68,124.39,96.34,107.78,114.91,87.73,53.7,127.65,133,94.64,124.21,109.46,116.26,54.05
2023-10-16,90.2,112.82,112.48,95.87,95.09,120.73,95,109.88,110.12,88.78,48.485,116.16,113.173,86.87,111.87,104.37,110.99,48.7
2023-10-17,90.88,110.47,109.78,91.75,88.56,116.93,95.3,110.52,109.61,87.91,48.745,114.78,113.206,82.87,109.86,101.33,106.65,49.096
2023-10-18,91.28,111.02,110.45,93.33,88.93,111.13,95.47,110.82,110.43,87.72,50.737,115.45,112.933,83.04,110.72,99.66,107.76,51.014
2023-10-19,93.22,109.86,109.09,93.81,89.28,111.56,94.79,110.68,109.77,87.55,50.068,115.69,108.013,83.77,108.42,97.68,107.43,50.389
2023-10-20,92.54,108.48,108.25,94.67,90.02,109.33,94.22,109.49,108.24,86.1,51.013,114.49,111.752,84.8,108.46,95.72,106.71,51.377
2023-10-23,90.5,107.9,108.12,93.9,89.87,101.82,95.47,110.01,108.11,86.86,51.193,113.19,118.751,83.94,108.59,99.32,105.77,51.613
2023-10-24,87.99,107.88,107.67,92.89,89.01,100.04,96.14,110.51,106.84,87.73,49.35,106.9,117.667,82.6,104.2,94.52,105.06,49.965
2023-10-25,89.98,108.09,108,93.69,89.72,100.3,96.87,111.07,106.81,88.64,49.889,107.12,118.235,83.36,104.85,93.03,105.56,50.519
2023-10-26,88.27,107.99,107.76,93.29,89.64,102,97.71,111.09,106.65,89.39,50.708,103.42,118.5,84.02,104,89.98,105.38,51.34
2023-10-27,90.26,107.37,107.49,95.16,90.25,102.27,97.86,110.64,106.23,88.3,50.482,100.27,117.888,83.97,102.17,88.51,106.71,50.688
2023-11-01,84.78,104.61,105.63,91.54,94.3,97.76,97,121.47,110.06,98.43,47.768,98.71,105.932,88.72,101.49,78.01,101.46,48.1
2023-11-02,86.89,99.94,101.17,86.87,88.05,97.12,96.42,120.11,103.27,96.96,48.614,98.5,105.334,83.22,100.58,77.64,96.82,49.089
2023-11-03,85.16,94.87,96.79,86.89,87.54,97.72,94.87,117.72,102.11,94.43,48.148,95.53,107.136,84.55,100.45,74.83,92.7,48.632
2023-11-06,85.22,92.14,94.29,86.19,90.11,95.96,91.89,114.57,98.49,90.98,44.765,90.21,104.425,82.22,94.25,74.75,93.61,45.267
2023-11-07,81.45,97.34,99.16,91.22,91.17,95.43,91.71,114.4,99.92,90.68,46,94.95,106.109,86.42,96.72,75.21,98.7,46.412
2023-11-08,79.64,97.99,99.81,91,92.06,94.5,91.51,113.9,98.69,90.61,45.782,94.75,107.589,86.61,97.22,73.04,98.23,46.359
2023-11-09,79.86,100.76,102.51,94.25,93.84,95.79,91.39,114.32,102.08,90.37,48.219,100.08,111.05,90.2,102.91,74.77,100.36,48.715
2023-11-10,81.69,99.4,101.41,92.24,92.36,94.82,91.29,113.64,98.72,90.21,46.499,95.28,104,86.87,98.56,71.44,97.95,47.071
2023-11-13,82.72,101.04,103.17,87.92,88.7,92.2,91.36,112.84,98.71,88.28,47.854,95.82,100.5,83.23,98.89,64.65,96.9,48.234
2023-11-14,82.37,100.05,101.78,86.6,88.39,90.75,91.44,112.66,97.26,88.11,47.637,99.21,103.609,82.3,98.46,64.54,94.72,48.19
2023-11-15,81,101.37,102.82,88.74,90.37,94.97,92.12,112.4,98.36,88.59,46.964,96.49,109.466,84.29,98.82,64.18,96.44,47.334
2023-11-16,77.53,99.81,101.08,86.72,88.91,94.56,92.89,112.24,97.9,89.25,46.002,93.72,104.55,83.37,97.41,64.43,94.21,46.37
2023-11-17,80.62,98.53,100,86,88.01,89.43,93.14,110.37,96.03,88.79,45.135,91.05,105.5,83.45,96.11,63.23,94.2,45.551
2023-11-20,82.04,99.54,101.28,90.57,91.98,93.53,94,107.65,98.4,87.36,45.749,96.26,114.985,87.49,99.3,61.25,95.53,46.223
2023-11-21,82.48,100.91,102.26,90.51,92.38,93.88,94.7,107.71,99.64,87.69,44.063,93.88,113.39,87.04,96.83,60.92,97,44.574
2023-11-22,81.67,101.4,102.75,91.26,92.28,91.57,93.83,107.65,100.35,87.24,44.457,96.02,112.85,87.51,98.43,62.58,98.38,44.937
2023-11-23,81.25,101.89,103.12,92.71,93.23,91.5,93.25,107.55,102.82,86.37,46.837,100.68,123.5,88.65,103,62.03,99.37,47.31
2023-11-24,80.22,101.71,103.15,92.88,93.46,92.1,93.21,106.8,102.24,86.19,46.781,98,122.956,88.14,103.14,62.07,99.67,47.292
2023-11-27,80.09,101.56,102.76,91.63,93,92.12,95.21,105.5,101.86,87.94,44.107,96.49,116,87.87,97.76,63.23,98.15,44.782
2023-11-28,81.66,101.76,102.44,92.4,93.72,92.84,96.63,105.41,102.62,89.23,42.784,95.15,113.25,88.53,95.96,62.99,98.96,43.28
2023-12-01,79.35,97.97,98.3,97.08,99.07,100.73,100.15,105.15,105.4,100.14,43.536,106.47,109.5,94.28,101.5,78.31,104.55,44.059
2023-12-04,78.19,92.39,92.94,91.36,93.88,101.61,101.86,105.7,102.02,101.35,40.089,98.99,98.739,88.08,94.07,75.5,97.46,40.568
2023-12-05,77.04,92.03,92.13,90.32,92.39,99.94,102.73,106.45,99.39,102.34,38.167,94.66,93,86.19,89.59,74.62,96.28,38.712
2023-12-06,74.32,92.08,92.18,90.96,89.31,101.87,103.64,106.88,98.54,102.62,39.4,95.8,93.406,85.99,91.33,74.43,95.62,39.876
2023-12-07,74.44,92.75,92.7,93.54,91.26,101.3,104.23,106.95,100.9,102.79,40.048,99.14,96.625,89.78,91.95,74.43,97.1,40.529
2023-12-08,75.85,91.15,91.33,92.9,92.99,101.43,104.64,106.83,102.36,102.12,38.616,94.13,94.5,89.27,90.32,71.33,96.64,39.059
2023-12-11,76.03,86.84,87.21,83.97,86.17,98.83,105.31,107.76,97.97,99.86,36.122,85.96,85.382,81.82,84.26,67.73,91.74,36.607
2023-12-12,73.43,86.47,86.45,79.96,80.15,93.63,105.95,107.86,91.55,99.66,34.762,84.16,82.773,78.58,81.62,66.21,90.88,35.3
2023-12-13,74.59,85.89,85.86,80.19,80.13,93.43,106.29,107.87,91.07,99.69,35.972,86.95,84,77.23,82.93,66.85,89.68,36.574
2023-12-14,76.66,84.22,84.06,77.76,77.57,91.48,106.36,107.57,90.49,99.55,34.86,84.16,81.746,74.26,82.35,66.07,88.05,35.507
2023-12-15,76.89,81.92,81.95,77.61,77.47,84.81,105.51,106.88,90.23,98.79,33.224,83.25,76.35,73.75,79.66,67.65,85.95,33.89
2023-12-18,77.98,84.07,84.31,75.99,75.92,82.51,102.42,105.35,87.98,96.29,35.587,85.21,78,71.85,84.9,66.89,86,36.091
2023-12-19,79.26,83.45,83.43,74.38,75.79,80.12,101.69,105.41,87.69,95.33,32.685,81.75,71.39,71.68,80.22,67.64,84.25,33.377
2023-12-20,79.13,84.64,84.6,76.12,76.73,79.58,100.8,105.3,88.1,93.4,33.611,86.49,72.477,71.79,83.17,67.15,85.79,34.17
2023-12-21,79.34,85.61,85.51,77.41,78.23,77.69,98.92,105,89.71,91.18,34.269,88.99,75.127,73.17,85.45,67.14,86.02,34.906
2023-12-22,79.19,83.86,83.87,76.04,76.85,78.69,96.77,104.37,88.7,88.8,34.417,92.49,77,71.87,84.86,65.81,84.46,34.784
2023-12-27,79.39,81.96,82.13,72.59,73.77,75.16,86.13,102.87,83.62,76.71,35.56,95.54,79.967,68.45,90.64,71.85,81.9,36.14
2024-01-02,76.08,92.68,94.89,94.43,92.65,93.12,108.32,98.54,96.44,85.85,30.558,89.01,75.943,89.6,82.43,76.23,97.66,31.197
2024-01-03,78.37,95.31,97.62,99.47,96.23,98.42,107.77,98.03,100.88,85.57,32.709,95.93,82.171,96.2,81.99,79.32,99.65,33.313
2024-01-04,77.64,95.29,97.48,98.67,97.55,98.83,107.64,97.97,101.35,85.56,33.607,97.62,87.8,95.29,85.5,78.39,99,34.08
2024-01-05,78.87,94.84,97.18,97.32,95.89,98.32,107.1,97.58,100.5,85.46,34.627,97.33,87.5,93.83,89.31,79.72,97.56,35.161
2024-01-08,76.22,89.62,91.81,87.18,88.76,93.33,107.31,97.27,91.06,86.1,31.488,86.59,80,85.23,81.77,77.9,90.61,32.067
2024-01-09,77.46,86.56,88.29,83.01,83.04,89.05,107.47,97.59,84.59,86.66,30.625,84.86,78.423,78.48,78.64,72.52,86.73,31.194
2024-01-10,76.81,85.54,87.25,82.41,82,88.97,107.43,97.93,84.66,87.19,30.941,84.1,78.5,78.24,77.84,71.32,85.87,31.461
2024-01-11,78.4,83.73,85.26,81.05,80.8,84.36,107.36,98.17,83.87,87.68,30.821,81.71,79.034,77.78,75.71,69.15,84.09,31.353
2024-01-12,78.31,84,85.9,81.87,80.96,85.08,106.63,98.15,85.49,87.77,32.009,82.59,80.273,78.96,76.63,70.21,85.13,31.353
2024-01-15,78.45,82.12,84.49,79.16,79.32,84.6,105.2,97.99,84.83,87.94,29.938,77.67,74.465,76.8,72.08,76.74,82.31,30.486
2024-01-16,77.91,84.67,86.68,80.93,78.32,83.48,105.19,98.58,85.54,88.01,29.666,76.66,72.75,77.28,72.89,76.25,84.76,30.207
2024-01-17,78.12,82.51,84.47,78.67,78.11,81.96,105.13,98.27,84.18,87.92,27.731,73.21,67.039,75.55,68.17,74.41,81.84,28.219
2024-01-18,78.92,82.81,84.63,78.87,77.62,82.76,104.7,97.7,84.58,87.69,27.9,73.27,68.637,75.19,67.55,74.94,82.33,28.509
2024-01-19,78.73,84.01,86.21,79.28,77.53,82.24,103.69,97.25,84.56,87.34,28.418,73.47,69,75.55,69.68,75.72,83.61,29.03
2024-01-22,79.86,84.13,86.41,80.36,75.89,79.68,99.91,95.99,82.81,84.16,27.255,68.52,65.985,73.99,64.85,74.4,82.99,27.821
2024-01-23,79.76,85.04,87.18,81.61,76.84,81.2,98.69,95.75,83.66,82.87,27.196,68.7,65.566,74.75,64.8,74.65,84.82,27.824
2024-01-24,80.3,85.44,87.6,82.74,78.33,82.63,97.62,95.69,84.6,82.47,28.912,72.02,70,76.29,68.2,74.91,86.29,29.493
2024-01-25,82.3,85.96,88.04,82.66,78.48,81.38,97.61,95.58,84.37,81.71,27.791,68.34,67.4,76.37,65.94,73.3,86.38,28.382
2024-01-26,83.79,86.33,88.54,82.4,78,80.94,96.47,95.2,84.18,81.02,28.21,66.63,67.652,76.22,65.15,73.54,86.37,28.68
2024-01-29,82.43,87.01,89.28,82.55,78.33,81.4,94.36,93.26,83.8,79.06,28.183,67.48,70.5,76.61,65.97,73.98,85.44,28.792
2024-02-01,78.93,81.22,82.14,75.71,73.28,78.02,80.74,85.32,77.93,70.26,28.993,67.75,72.225,69.04,68,57.96,78.69,29.5
2024-02-02,77.49,82.81,83.89,76.96,72.33,76.18,79.95,85.13,79.99,69.49,29.231,69.02,73.95,68.43,66.87,54.48,81.54,29.716
2024-02-05,78,80.01,81.2,78.14,73.47,76.34,77.48,84.1,81.43,67.22,28.38,67.33,71.139,67.19,66.28,54.16,81.49,28.871
2024-02-06,78.68,81.62,82.5,79.56,74.45,76.23,77.45,84.08,82.01,67.29,28.638,68.32,72.475,67.18,65.52,54.82,82.21,29.099
2024-02-07,79.34,80.04,80.87,78.09,73.86,77.32,78.2,84.26,80.31,67.34,28.204,67.42,71.546,65.44,64.41,53.79,80.13,28.686
2024-02-08,81.75,77.79,78.49,75.87,71.27,75.54,78.54,83.97,78.56,66.9,27.843,65.04,69.674,63.65,64,55.05,77.62,28.289
2024-02-09,81.91,75.11,75.93,72.96,67.68,73.46,78.6,83.53,74.32,66.98,27.148,62.35,67,59.95,62.41,51.98,74.85,27.467
2024-02-12,81.98,71.84,72.75,69.82,65.98,73.17,78.72,81.9,73.48,66.92,25.734,60.03,63.286,60.31,60.12,54.08,71.57,26.078
2024-02-13,82.61,71.4,71.95,69.21,64.39,69.44,79.15,81.38,72.21,66.79,25.421,59.5,62.567,59.63,59.2,52.81,71.08,25.746
2024-02-14,81.51,70.04,70.58,67.85,63.63,68.56,79.28,80.32,71.02,66.52,24.799,58.05,61.15,57.83,58.9,50.95,70.57,25.165
2024-02-15,82.79,69.16,69.58,67.16,62.53,66.54,79.07,79.65,70.11,66.23,24.992,58.09,61,57.22,59.07,49.98,70.17,25.323
2024-02-16,83.46,68.54,69.12,66.99,61.83,66.69,78.68,78.89,69.84,66.05,24.811,56.14,60,57,57.61,48.27,69.62,25.141
2024-02-19,83.43,68.05,68.82,65.9,61.47,65.53,77.73,78.03,69.06,64.89,23.705,52.9,57.713,55.95,55.78,44.58,67.65,24.088
2024-02-20,82.58,69.22,69.73,67.52,61.59,65.15,77.63,77.92,68.95,64.41,24.212,54.46,57.937,56.53,54.77,43.26,68.74,24.485
2024-02-21,83.15,69.41,69.96,68.48,63.38,65.18,77.36,77.66,69.27,63.56,24.033,56.05,59,57.52,56.07,42.54,68.93,24.393
2024-02-22,83.44,68.69,69.09,68.26,63.31,64.66,76.67,76.87,68.71,62.68,23.173,53.83,58.5,56.97,55.4,42.64,68.41,23.607
2024-02-23,81.72,68.99,69.39,69.07,63.93,65.51,76.19,76,69.71,62.25,22.999,55.33,58.215,58.31,54.94,42.46,69.27,23.329
2024-02-26,82.56,69.49,69.98,68.94,64.04,65.68,75.97,74.33,70.07,61.79,23.96,57.56,58.215,58.53,57.81,40.84,69.06,24.303
2024-02-27,83.33,69.86,70.09,68.97,63.77,65.75,76.07,74.08,69.94,61.74,24.358,58.47,58.215,58.2,57.82,40.23,69.15,24.671
2024-03-01,83.4,65.41,66.65,64.08,61.05,64,70.63,73.04,68.06,63.16,25.771,56.89,65.5,58.81,59.98,19.83,65.59,25.928
2024-03-04,82.84,64.9,66.32,62.76,61.55,64.62,70.96,73.22,67.6,64.17,26.922,58.42,66.393,58.9,61.46,19.33,63.97,27.116
2024-03-05,82.03,67.87,69,65.13,62.74,67.48,71.44,73.5,70.4,64.8,27.516,61.89,70.459,62.07,64.38,21.59,66.41,27.702
2024-03-06,82.92,67.97,69.14,65.44,64.73,69.52,71.92,73.76,70.59,65.23,26.615,60.21,67.25,62.01,63.74,19.3,66.65,26.857
2024-03-07,83.52,67.03,67.26,64.69,63.75,68.52,72.44,73.93,69.79,65.31,25.967,59.57,68.103,61.01,62.35,17.59,66.03,26.177
2024-03-08,82.16,65.74,66.14,63.58,62.14,67.17,72.35,74.07,68.54,64.92,26.372,58.7,67.25,59.14,60.68,15.36,64.77,26.595
2024-03-11,82.48,62.17,61.97,58.66,57.3,62.88,71.88,73.39,67.55,65.87,25.006,54.3,63,53.51,58.47,18.72,60.36,25.246
2024-03-12,82.39,63.88,63.47,60.46,57.05,62.85,72.4,73.54,68.05,65.99,24.808,55.04,62.368,54.18,57.99,17.82,62.05,25.095
2024-03-13,83.93,63.89,63.91,61.45,58.21,63.24,72.81,73.64,69.25,65.88,24.91,53.95,62.295,54.43,58.71,18.59,63.07,25.178
2024-03-14,85.14,63.67,63.67,62.16,57.64,62.99,72.79,73.41,70.17,65.37,26.098,57.26,66.75,55.45,60.37,18.75,63.4,26.364
2024-03-15,85.33,64.85,65.05,63.49,59.98,64.34,72.79,73.26,70.96,65.02,27.051,57.9,68.5,56.75,63.08,18.34,64.73,27.339
2024-03-18,86.89,65.64,65.36,64.37,59.71,65.31,73.87,73.4,72.06,65.44,28.856,60.08,72.03,56.66,66.24,22.71,65.25,29.159
2024-03-19,87.23,65.42,64.89,64.67,60.26,65.55,74.67,73.16,71.93,66.06,28.896,59.67,72.388,55.74,64.91,22.37,65.58,29.17
2024-03-20,86.16,64.72,64.21,63.53,59.85,64.63,75.27,73.24,70.96,66.26,27.81,56.96,71.966,54.12,65.2,22.8,64.26,28.017
2024-03-21,85.55,65.25,64.68,64.08,59.65,64.25,75.68,73.14,70.76,66.03,26.5,56.27,68.701,51.94,61.53,21.73,64.53,26.634
2024-03-22,85.67,64.77,64.34,64.26,59.72,64.5,75.92,72.56,71.63,64.67,27.772,57.6,71.25,51.85,62.33,21.29,64.64,27.959
2024-03-25,86.68,64.73,64.48,64.9,61.75,65.54,76.68,71.14,70.84,63.53,28.473,60.9,72.2,50.98,65.57,20.87,65.43,28.765
2024-03-26,85.95,65.2,64.75,64.34,61.95,64.27,76.68,70.96,71.59,63.61,27.154,56.96,68.557,51.81,62.86,20.45,64.82,27.407
2024-04-02,89.21,55.79,53.03,53.66,51.86,50.12,71.76,60.01,57.08,45.51,26.25,49.71,64.154,22.83,55.6,21.26,53.53,26.481
2024-04-03,89.55,55.07,52.37,53.17,50.87,51.33,72.61,60.04,55.24,44.88,25.538,49.42,62.737,23.21,53.32,18.66,52.88,25.682
2024-04-04,91.18,54.79,52.09,52.14,47.86,51.47,72.82,59.85,55.09,44.13,26.223,50.78,62.866,20.84,54.38,16.89,52.58,26.412
2024-04-05,90.89,54.72,52.25,52.69,46.25,51.18,72.84,59.54,55.05,42.91,26.649,52.71,65.2,19.29,56.62,16.31,53.02,26.776
2024-04-08,90.59,55.18,53,54.28,49.66,48.98,73.02,58.33,55.78,42.46,27.977,56.9,69.574,18.65,58.52,14.97,54.76,28.125
2024-04-09,89.45,56.82,54.29,55.29,50.15,53.12,73.54,58.47,57.73,42.73,27.43,57.63,68,19.95,58.93,13.35,55.71,27.524
2024-04-10,90.64,55.79,53.32,54.09,49.93,52.22,73.54,58.15,56.78,43,27.115,57.13,66.085,18.68,57.5,11.43,54,27.237
2024-04-11,90.23,57.5,55.1,56.79,52.43,52.98,74.03,57.68,58.27,42.82,29.41,62.34,72.604,21.1,62.05,11.72,55.92,29.536
2024-04-12,90.04,58.6,56.13,58.59,53.07,53.94,73.79,56.77,59.89,41.47,30.746,65.16,75,21.16,65.6,12.62,57.39,30.866
2024-04-15,90.38,58.57,56.66,62.55,56.08,55.91,73.37,56.54,62.85,39.87,31.099,66.35,78,20.8,64.19,8.58,61.24,31.125
2024-04-16,90.16,60.49,58.28,64.51,60.42,58.49,74.41,56.84,65.67,41.28,33.171,72.33,83.4,23.15,69.27,8.61,62.66,33.24
2024-04-17,87.41,60.94,58.59,63.06,58.95,59.36,75.33,57.42,64.5,42.68,31.295,66.71,78.75,25.97,66.05,8.78,61.53,31.391
2024-04-18,86.97,60.86,58.6,62.97,58.55,58.73,76.26,57.82,63.94,42.55,32.344,67.93,81.5,24.1,67.64,8.2,61.64,32.448
2024-04-19,87.34,60.93,58.95,62.89,58.37,59.03,76.77,57.59,63.64,42.05,30.783,64.44,77.5,22.45,65.75,8.13,61.82,30.877
2024-04-22,87.14,62,60.18,63.17,58.99,59.43,79.12,59.43,62.83,44.09,29.346,62.86,73.628,25.76,62.25,7.68,61.91,29.423
2024-04-23,88.48,62.41,59.9,63.76,58.98,59.78,80.3,60.17,62.86,45.05,28.458,62.79,72.322,25.62,60.64,8.24,62.66,28.546
2024-04-24,88.06,62.5,59.97,63.76,58.56,59.99,81.11,60.83,63.01,46.31,29.042,63.01,73.384,26.65,61.47,9.46,62.5,29.147
2024-04-25,89.22,62.59,59.91,64.02,58.33,59.91,81.72,61.56,62.75,47.54,29.759,63.2,76.75,28.08,64.52,11,62.77,29.851
2024-04-26,89.33,61.97,59.47,63.76,58.72,59.35,81.71,61.55,62.45,47.71,28.882,61.3,73.596,28.04,61.84,11.63,62.54,28.965
2024-05-02,83.65,65.79,64.51,66.03,59.4,59.79,79.42,60.47,61.59,43.4,30.927,70.57,75,31.17,65.23,34.04,65.86,30.989
2024-05-03,82.81,67.61,66.53,67.27,62.36,61.6,79.41,60.74,64.67,43.76,30.555,69.36,73.8,33.46,65.98,36.41,66.89,30.598
2024-05-06,83.48,68.7,67.9,67.8,63.89,63.77,79.76,62.06,65.17,46.76,31.737,72.56,74.5,35.24,65.35,35.41,68.22,31.778
2024-05-07,83.02,66.7,65.66,64.78,64.9,64.1,80.13,62.97,62.47,47.79,31.035,69.94,75.656,32.88,67.55,32.25,64.98,31.011
2024-05-08,83.7,67.34,66.42,64.7,63.01,64.88,80.3,63.56,62.52,47.73,30.637,70.35,74.5,31.88,65.7,30.85,65.44,30.601
2024-05-09,84.14,70.02,69.11,67.16,64.26,64.67,80.93,63.84,64.21,47.94,30.864,71.62,74.023,33.32,67.12,31.36,67.77,30.841
2024-05-13,83.43,68.69,68.37,58.18,58.24,57.47,81.33,65.45,55.74,45.53,29.564,66.56,70,25.74,64.1,26.68,60.44,29.54
2024-05-14,82.73,68.98,68.5,58.86,58.23,52.83,80.71,66.72,55.64,45.71,29.711,65.72,71.728,25.17,64.77,25.97,61.18,29.713
2024-05-15,82.94,70.86,70.47,59.37,58.2,53.74,79.91,67.96,55.17,46.05,29.715,65.27,71.611,24.47,65.61,25.83,62.89,29.76
2024-05-16,83.45,72.02,71.64,60.12,58.78,56.4,79.13,69.08,54.82,46.91,30.205,66.83,72.548,25.47,65.8,28.84,64.07,30.198
2024-05-17,84,73.82,76.88,62.14,59.75,56.58,78.94,69.65,55.77,46.88,30.777,66.59,73.224,26.03,67.02,29.06,65.78,30.785
2024-05-20,83.65,77.43,80.26,66.95,61.44,57.63,80.16,72.15,61.46,47.13,31.821,71.47,75.505,27.29,70.5,29.32,69.51,31.864
2024-05-21,82.5,78.61,80.9,69.14,64.26,60.25,80.57,73.03,62.4,47.43,33.01,74.23,75.558,28.95,72.67,31.98,71.67,33.028
2024-05-22,81.71,79.23,81.27,69.07,65.63,61.84,81.41,74.09,62.7,48.16,34.327,77.15,81.312,29.39,74.23,33.63,71.17,34.352
2024-05-23,81.5,79.87,81.5,69.21,66.6,64.15,82.19,75.26,62.49,49.8,35.289,76.35,83,30.96,77,35.21,71.29,35.395
2024-05-24,82.19,80.42,81.97,69.27,67.18,63.85,82.67,75.42,62.8,50.43,34.037,75.14,82.875,30.65,74.16,33.49,71.59,34.103
2024-05-27,83.04,81.16,82.42,68.73,65.89,64.16,83.59,77.61,62.37,52.49,35.171,76.35,82.6,27,74.37,30.73,71.26,35.178
2024-05-28,84.6,81.49,82.31,68.66,65.59,64.39,84.41,78.79,61.93,53.07,33.55,71.95,81.25,27.91,72.27,31.21,71.73,33.566
2024-05-29,83.53,81.53,82.25,69.08,66.11,63.91,84.95,79.93,62.05,53.94,33.793,71.42,81.25,27.34,72.45,30.76,72.24,33.713
2024-06-03,78.14,85.9,86.24,81.16,71.85,77.33,99.33,83.48,66.53,54.2,35.976,83.89,94.144,33.08,80.23,49.77,85.07,35.958
2024-06-04,77.17,84.9,84.9,77.74,70.69,78.94,99.9,84.37,62.57,54.7,33.841,77.15,87.913,30.43,75.4,54.24,83.26,33.851
2024-06-05,78.59,84.55,84.56,77.74,69.16,81.16,100.66,85.24,59.53,55.44,33.403,75.26,80.5,31.04,72.94,53.02,82.83,33.322
2024-06-06,79.99,83.97,83.86,76.23,68.12,78.01,101.19,85.61,58.12,56.15,33.676,75.33,80.317,32.52,73.68,53.8,81.58,33.662
2024-06-07,79.56,82.51,82.11,74.5,67.25,75.37,100.89,85.58,55.63,55.74,33.061,74.83,80.188,33.78,71.54,56.5,80.02,33.114
2024-06-10,81.87,83.57,83.49,74.88,66.57,73.76,99.96,86.32,53.73,55.32,34.184,76.69,81.551,33.97,72.66,54.75,81.34,34.212
2024-06-11,82.11,84.12,83.79,73.63,65.93,73.42,100.22,87.25,51.56,56.02,34.276,75.31,82.511,30.53,74.96,54.76,81.13,34.28
2024-06-12,82.53,84.46,84.17,72.03,64.22,72.46,100.95,88.02,49.52,56.52,35.314,75.26,84.633,28.13,74.78,55.41,80.18,35.339
2024-06-13,82.13,85.89,86.54,73.01,63.63,72.49,100.96,88,48.83,56.83,35.743,77.23,85.75,28.09,76.23,53.28,80.71,35.781
2024-06-14,82.65,85.24,85.16,72.26,63.57,70.53,100.42,88.65,46.86,55.23,35.373,76.47,84.019,28.45,75.91,53.24,80.78,35.471
2024-06-17,84.37,87.29,87.37,71.18,63.79,66.1,101.72,90.63,45.22,55.75,34.211,73.19,81.85,27.94,73.54,51.88,80.92,34.25
2024-06-18,85.41,87.53,87.25,72.2,64.49,66.99,102.19,91.15,44.89,56.44,34.643,73.42,81.975,29.89,74.49,52.79,81.82,34.715
2024-06-19,85.26,89.83,89.56,74.37,65.87,66.92,102.51,91.87,47.44,57.62,35.288,75.76,82.354,34.78,76.01,54.97,84.5,35.339
2024-06-20,85.71,91.39,91,74.69,66.46,68.48,103.05,92.91,49.3,58.9,34.482,72.97,82.251,36.38,72.28,55.64,86.11,34.502
2024-06-21,85.16,91.35,91.16,74.71,67.22,67.63,102.45,93.05,49.33,58.73,33.922,72.09,80.576,37.18,72.45,55.11,86.2,33.959
2024-06-24,86.04,96.03,96.02,75.48,67.53,67.75,103.93,96.57,48.73,59.86,34.054,71.7,79.83,37.17,71.68,53.25,91.69,34.085
2024-06-25,84.99,97.22,96.84,76.7,66.19,74.13,104.99,97.99,49.08,60.5,34.845,73.41,81.125,35.56,74.17,54.22,91.9,34.915
2024-06-26,85.25,98.08,97.71,75.81,66.04,72.56,106.11,99.38,48.66,61.09,33.836,71.62,80.583,34.97,73,55.29,91.23,33.91
2024-07-01,86.65,98.26,98.65,76.87,70.92,73.37,107.41,101.44,51.8,64.14,33.48,75.69,79.168,52.65,70.43,71.89,89.94,33.503
2024-07-02,86.51,102.31,102.35,77.34,70.25,72.01,107.71,102,49.78,64.24,33.695,77.72,78,49.6,70.78,70.92,92.9,33.725
2024-07-03,87.06,106.52,106.59,76.28,68.48,71.24,107.84,102.41,46.64,62.46,32.687,75.55,75.557,46.09,68.52,70.14,97.24,32.71
2024-07-04,87.56,107.52,107.35,75.86,66.54,70.32,107.19,102.11,45.77,61.31,33.259,75.97,76.625,45.44,70.68,68.87,97.88,33.306
2024-07-05,86.86,108.66,108.72,74.07,65.49,68.09,105.84,101.77,44.51,58.87,33.057,74.77,76.985,44.33,66.28,65.6,100.73,33.047
2024-07-08,85.68,114.86,113.89,72.67,64.53,70.42,105.51,101.47,41.89,57.67,32.23,72.43,77.026,43.03,67.03,66.7,108.87,32.26
2024-07-09,85,124.19,121.79,71.1,63.13,66.62,105.61,101.98,39.7,57.67,31.325,70.75,70.965,44.75,64.54,66.59,124.05,31.347
2024-07-10,85.37,132.43,129.94,70.48,63.14,66.11,107,104.72,39.58,58.28,30.811,69.23,70.516,45.56,63.68,65.09,133.78,30.796
2024-07-11,85.5,139.46,136.14,69.78,62.51,64.47,107.85,107.64,39.99,58.45,31.058,69.95,70.875,45.56,62.95,65.69,138.51,31.144
2024-07-12,85,146.67,142.84,67.89,61.47,62.73,107.3,109.35,40.5,57.38,31.722,70.78,71.5,45.75,64.9,65.98,148.71,31.742
2024-07-15,84.92,148.17,142.84,64.89,58.39,62.69,110.06,116.07,36.93,55.14,31.292,68.86,70.886,44.82,63.55,66.13,146.19,31.372
2024-07-16,83.9,147.39,141.02,65.89,59.55,61.81,111.5,119.91,38.2,55.48,32.867,71.63,74.322,45.4,66.2,69.15,146.59,32.852
2024-07-17,85.15,143,136.36,64.69,59.29,60.64,112.55,121.66,38.14,56.14,31.905,69.07,73.85,44.82,65.75,69.2,139.6,31.918
2024-07-18,84.79,142.3,135.45,65.85,61.22,60.73,112.94,123.58,38.58,56.69,32.694,69.07,73.728,46.18,66.61,68.85,138.76,32.698
2024-07-19,82.6,141.95,135.56,67.1,61.33,61.87,112.44,125.16,38.95,56.53,32.21,69.25,74,47.47,66.15,67.27,140.51,32.221
2024-07-22,82.28,144.54,138.78,68.71,63.62,63.55,112.15,131.22,40.45,55.65,31.806,71.19,71.06,48.8,65.89,68.96,138.4,31.844
2024-07-23,81.58,146.25,138.64,68.86,64.01,63.75,112.36,132.98,41.05,55.63,31.61,71.45,72.152,48.7,65.48,69.27,133.65,31.612
2024-07-24,81.5,148.59,139.86,69.69,64.98,63.85,113.28,134.54,40.69,55.86,32.661,76.06,73.183,47.76,67.97,69.5,138.36,32.704
2024-07-25,82.41,148.17,139.32,70.14,65.17,64.26,113.42,135.01,40.18,56.18,31.826,74.57,73.625,47.48,67.34,70.21,137.86,31.799
2024-07-26,80.5,147.3,138.72,70.42,65.65,64.36,113.37,135.14,40.76,56.03,32.478,75.64,75.527,46.5,67.81,71.26,139.08,32.505
2024-07-29,79.88,145.2,136.93,70.1,65.04,63.62,109.76,134.89,39.09,54.28,33.852,76.33,78.25,46.95,69.45,72.08,135.8,33.898
2024-07-31,80.76,110.59,110.43,76.99,72.85,75.1,104.55,114.22,42.48,55.05,35.859,75.89,82.544,40.62,71.05,80.65,107,35.92
2024-08-01,80.04,108.49,108.18,78.63,73.89,74.81,104.34,114.96,43.39,56.99,36.957,87.37,84.75,44.98,78.22,81.53,104.33,37.017
2024-08-02,77.49,103.05,102.98,77.73,73.79,75.45,104.33,115.12,44.56,56.83,36.63,87.37,84.476,45.82,78.42,82.94,98.74,36.694
2024-08-05,77.33,107.99,108.21,75.04,70.49,73.87,103.56,117.08,42.09,57.17,35.541,84.66,80.109,41.02,75.34,82.63,102.67,35.543
2024-08-06,76.28,111.09,110.92,77.95,71.72,75.26,103.57,117.51,42.31,57.35,36.646,86.77,80.289,40.96,76.54,83.29,105.55,36.664
2024-08-07,78.49,110.72,110.59,77.9,72.22,76.7,103.68,118.12,40.99,57.71,38.443,89.13,81.339,40.62,78.2,85.06,104.65,38.51
2024-08-08,78.94,107.36,107.06,78.14,72.66,78.72,103,118.33,42.73,57.17,40.08,90.93,89.25,42.46,82.11,87.29,100.02,40.145
2024-08-09,79.44,106.58,106.52,79.81,72.44,80.11,101.42,118.22,43.91,56.63,40.409,91,86,43.17,81.65,88.97,99.59,40.465
2024-08-12,81.96,108.89,109,86.5,78.7,85.11,98.65,117.66,45.78,57.78,39.764,91.48,87,46.41,80.96,88.95,102.22,39.769
2024-08-13,81.04,108.52,108.22,86.12,79.96,84.31,98.78,117.95,47.86,59.13,39.536,90.41,85.556,50.13,79.93,88.11,102.14,39.604
2024-08-14,79.88,109.61,109.35,87.61,80.38,84.51,98.26,117.64,51.44,59.14,38.974,90.88,83.556,51.97,79.29,87.54,103.87,39.025
2024-08-15,80.95,113.32,114.38,87.77,79.53,84.63,98.59,118.63,51.46,60.17,39.562,92.27,82.297,53.84,79.97,88.3,107.97,39.624
2024-08-16,79.7,116.04,117.39,87.33,80.63,83.49,98.52,118.62,51.99,60.99,39.646,92.33,82.957,53.82,80.79,90.03,110.68,39.653
2024-08-19,77.81,122.81,124.05,89.04,81.54,85.26,99.88,120.46,58.83,62.98,39.853,93.83,89.656,57.57,77.11,89.3,118.57,39.893
2024-08-20,77.21,124.09,124.68,88.72,80.93,87.24,100.17,121.66,59.9,62.63,37.956,92.06,89.89,56.79,77.19,89.12,118.33,37.989
2024-08-21,76.06,123.71,124.12,88.83,79.2,88.13,100.31,121.84,59.64,61.93,36.989,90.22,87.073,55.65,77.52,90.25,119.11,37.042
2024-08-22,77.16,124.85,124.9,87.89,78.11,86.69,99.69,122.61,59.34,61.23,36.59,88.31,84.6,54.93,76.63,89.75,119.14,36.552
2024-08-23,78.99,125.6,125.78,87.25,76.67,86.53,99.28,121.98,58.67,60.7,36.862,87.14,86.445,53.69,76.39,89.38,119.68,36.883
2024-08-26,81.24,125.57,125.68,87.04,76.31,85.05,98.41,123.87,58.19,60.92,37.69,87.46,86.861,53.95,76,88.22,119.62,37.683
2024-08-27,79.86,126.99,126.55,88.05,76.33,85.07,98.38,126.28,57.98,62.09,38.644,90.61,90.337,54.38,79.54,88.18,121.22,38.586
2024-08-28,78.46,128.15,127.76,88.35,77.24,84.71,99.37,128.89,58.28,63.67,38.597,90.5,91.748,54.83,82.25,90.33,122.42,38.608
2024-09-02,77.28,127.88,126.27,94.66,89.07,96.77,106.62,127.33,87.72,84.07,38.593,88.61,94.648,71.57,79,88.02,125.77,38.956
2024-09-03,73.7,125.17,122.94,90.99,86.96,96.62,107.74,129.83,82.73,81.8,37.2,84.75,89.274,68.27,75.87,84.62,118.25,37.551
2024-09-04,72.74,121.42,118.86,88.99,85.04,99.02,107.4,130.04,82.53,78.75,35.82,81.93,86.5,66.16,73.61,80.81,113.88,36.095
2024-09-05,72.88,119.31,116.6,89.89,83.26,97.74,106.84,130.47,83.14,76.31,36.201,81.41,85.778,64.43,74.29,82.76,113.49,36.511
2024-09-06,71.47,119.97,117.6,93.57,86.81,97.16,106.11,129.94,86.39,74.75,36.491,83.06,87.9,67,74.43,86.84,115.3,36.747
2024-09-09,71.84,120.56,118.61,93.45,87.92,104.8,106.18,129.25,87.47,76.9,37.301,83.84,88.952,69.66,75.62,84.57,116.42,37.531
2024-09-10,69.19,120.26,117.76,90.85,86.91,96.08,106.29,129.64,86.64,76.5,35.275,80.54,83.99,66.5,71.72,83.54,113.95,35.542
2024-09-11,70.61,121.77,118.83,90.42,85.16,90.79,107.4,129.59,84.86,71.75,36.067,80.66,85.488,63.96,72.94,82.55,115.46,36.382
2024-09-12,71.97,119.28,116.17,88.2,84.38,90.56,107.35,128.65,83.38,70.25,35.19,78.28,84.61,59.85,72.4,77.1,112.71,35.482
2024-09-13,71.61,116.65,113.79,87.07,81.56,90.15,106.2,127.27,82.56,68.57,35.68,77.17,84.81,58.13,72.65,75.99,111.02,35.971
